DESC. CIIU1,Direccion,latitud,longitud
Alojamiento En Hoteles,CR. 17 NO. 37-69 Bucaramanga SANTANDER Colombia,7.117160999999999,-73.12413099999999
Alojamiento En Hoteles,CL. 34 NO. 31-24 Bucaramanga SANTANDER Colombia,7.124601999999999,-73.113846
Alojamiento En Hoteles,CALLE 31 # 17 - 53 Bucaramanga SANTANDER Colombia,7.122102,-73.1257068
Alojamiento En Hoteles,Carrera 17 No. 37-31 Bucaramanga SANTANDER Colombia,7.117467,-73.124313
Alojamiento En Hoteles,CALLE 19 # 32 - 23 APARTAMENTO 1102 EDIFICIO ZINNIA Bucaramanga SANTANDER Colombia,7.3884159,-73.50286659999999
Alojamiento En Centros Vacacionales,CALLE 30 # 13 - 51 Bucaramanga SANTANDER Colombia,7.121458,-73.12905599999999
Alojamiento En Hoteles,CL.55 NO. 17A-112 BARRIO RICAUTE Bucaramanga SANTANDER Colombia,7.108735599999999,-73.1184382
Alojamiento En Hoteles,CARRERA 20 # 34 - 22 Bucaramanga SANTANDER Colombia,7.1206606,-73.1228478
Alojamiento En Hoteles,CALLE 56 # 17 B - 24 Bucaramanga SANTANDER Colombia,7.107777,-73.118433
Alojamiento En Hoteles,CALLE 31 # 20 - 17 BARRIO ALARCON Bucaramanga SANTANDER Colombia,7.1230561,-73.1235331
Alojamiento En Hoteles,CL. 54 NO. 17B-27 B. RICAURTE Bucaramanga SANTANDER Colombia,7.109485100000001,-73.11900279999999
Alojamiento En Hoteles,CR. 20 NO. 31-27 CENTRO Bucaramanga SANTANDER Colombia,7.1227228,-73.1235542
Alojamiento En Hoteles,CALLE 55 # 17 - 25 BARRIO LA CONCORDIA Bucaramanga SANTANDER Colombia,7.1084206,-73.1197162
Alojamiento En Hoteles,CL. 31 NO. 20-62 CENTRO Bucaramanga SANTANDER Colombia,7.123157,-73.12315889999999
Alojamiento En Hoteles,CALLE 31 # 17 - 73 BARRIO EL CENTRO Bucaramanga SANTANDER Colombia,7.1221521,-73.12559159999999
Alojamiento En Hoteles,CALLE 55 NO. 17A-104 Bucaramanga SANTANDER Colombia,7.108690299999999,-73.1185026
Alojamiento En Hoteles,CR. 21 NO. 54-62 Bucaramanga SANTANDER Colombia,7.1097204,-73.11684520000001
Alojamiento En Hoteles,TERMINAL DE TRANSPORTES DE BUCARAMANGA MODULO 1 OFICINA 712 Bucaramanga SANTANDER Colombia,7.0880207,-73.1291097
Alojamiento En Hoteles,CL. 31 NO. 17-48 CENTRO Bucaramanga SANTANDER Colombia,7.1220047,-73.1257188
Alojamiento En Hoteles,CL. 55 NO. 17A - 49 CONCORDIA Bucaramanga SANTANDER Colombia,7.108418100000001,-73.119492
Alojamiento En Hoteles,CL. 31 NO. 18-67 CENTRO Bucaramanga SANTANDER Colombia,7.1225542,-73.1246702
Alojamiento En Hoteles,CL. 35 NO. 22 - 01 Bucaramanga SANTANDER Colombia,7.1206051,-73.1218213
Alojamiento En Hoteles,CR. 16 NO. 31-41 Bucaramanga SANTANDER Colombia,7.121122499999999,-73.1267673
Alojamiento En Hoteles,CL 55 N. 17A-94 Bucaramanga SANTANDER Colombia,7.1086354,-73.1184743
Alojamiento En Hoteles,CARRERA 16 # 30 - 56 Bucaramanga SANTANDER Colombia,7.121734,-73.127184
Alojamiento En Apartahoteles,CR. 20 NO. 31-89 BARRIO ANTONIA SANTOS Bucaramanga SANTANDER Colombia,7.122209,-73.1232349
Alojamiento En Hoteles,CRA 17 A NO 28-43  B. ALARCON Bucaramanga SANTANDER Colombia,7.1238645,-73.1262969
Alojamiento En Hoteles,CL. 31 NO. 18-53 HOTEL MANSION REAL Bucaramanga SANTANDER Colombia,7.122563899999999,-73.1248588
Alojamiento En Hoteles,CLL 31 NO. 21-90 Bucaramanga SANTANDER Colombia,7.1236659,-73.12224450000001
Alojamiento En Hoteles,CALLE 32 # 21 - 65 BARRIO ANTONIA SANTOS Bucaramanga SANTANDER Colombia,7.122911999999999,-73.12217799999999
Alojamiento En Hoteles,CARRERA 17 # 57 - 29 Bucaramanga SANTANDER Colombia,7.106764999999999,-73.119373
Alojamiento En Hoteles,BOULEVAR SANTANDER # 22 - 33 Y 22 - 31 PISO 1 - 2 Bucaramanga SANTANDER Colombia,7.1327665,-73.12415349999999
Alojamiento En Hoteles,CLL. 55 NO. 18-60 RICAUTE Bucaramanga SANTANDER Colombia,7.109289800000001,-73.1168211
Alojamiento En Hoteles,CARRERA 23 # 30 - 16 BARRIO ANTONIA SANTOS CENTRO Bucaramanga SANTANDER Colombia,7.124778999999999,-73.121867
Alojamiento En Hoteles,CALLE 31 # 20 - 49 Bucaramanga SANTANDER Colombia,7.123264,-73.123322
Alojamiento En Hoteles,CARRERA 52 # 72 - 138 BARRIO LAGOS DEL CACIQUE Bucaramanga SANTANDER Colombia,7.1022203,-73.0997725
Alojamiento En Hoteles,CL. 31 NO. 21-54 B. ANTONIA SANTOS Bucaramanga SANTANDER Colombia,7.123491,-73.122527
Alojamiento En Hoteles,CRA 17 A NO 24 - 48 BARRIO ALARCON Bucaramanga SANTANDER Colombia,7.1244995,-73.1267361
Alojamiento En Hoteles,CALLE 56 NO 17A 33 B. RICAURTE Bucaramanga SANTANDER Colombia,7.107896999999999,-73.118933
Alojamiento En Hoteles,CALLE 56 # 17 A - 45 BARRIO RICAURTE Bucaramanga SANTANDER Colombia,7.107918,-73.118869
Alojamiento En Hoteles,CARRERA 17 # 55 - 25 BARRIO RICAURTE Bucaramanga SANTANDER Colombia,7.1080825,-73.11977
Alojamiento En Hoteles,CL 31 NO. 21-73 BARRIO CENTRO Bucaramanga SANTANDER Colombia,7.1236552,-73.12254519999999
Alojamiento En Hoteles,CR 15 NO. 33-34 CENTRO Bucaramanga SANTANDER Colombia,7.1197767,-73.12728589999999
Alojamiento Rural,CL. 62 NO. 2AW-40 BARRIO MUTIS Bucaramanga SANTANDER Colombia,7.0975513,-73.1318202
Alojamiento En Hoteles,CALLE 34 # 16-62 CENTRO Bucaramanga SANTANDER Colombia,7.1197773,-73.1256047
Alojamiento En Hoteles,CRA. 17C # 55-40 BARRIO RICAURTE Bucaramanga SANTANDER Colombia,7.108434300000001,-73.11807569999999
Alojamiento En Hoteles,CALLE 31 # 21 - 48 BARRIO CENTRO Bucaramanga SANTANDER Colombia,7.1233276,-73.1225362
Alojamiento En Hoteles,CALLE 55 # 21 - 42 Bucaramanga SANTANDER Colombia,7.109510999999999,-73.11625099999999
Alojamiento En Hoteles,CL. 31 NO. 19-39 BARRIO CENTRO Bucaramanga SANTANDER Colombia,7.122932,-73.12408719999999
Alojamiento En Hoteles,CARRERA 18 # 54 - 71 BARRIO LA CONCORDIA Bucaramanga SANTANDER Colombia,7.109367,-73.117543
Alojamiento En Hoteles,CARRERA 17 # 55 - 33 Bucaramanga SANTANDER Colombia,7.108038499999999,-73.11967779999999
Alojamiento En Hoteles,CARRERA 23 # 101 - 06 BARRIO PROVENZA Bucaramanga SANTANDER Colombia,7.087346200000001,-73.1135998
Alojamiento En Hoteles,CARRERA 19 # 30 - 44 BARRIO CENTRO Bucaramanga SANTANDER Colombia,7.122904399999999,-73.1246618
Alojamiento En Hoteles,CARRERA 20 # 31-43 Bucaramanga SANTANDER Colombia,7.1225543,-73.1234841
Alojamiento En Hoteles,CARRERA 18 # 22 - 35 BARRIO ALARCON Bucaramanga SANTANDER Colombia,7.126066,-73.12659300000001
Alojamiento En Hoteles,CARRERA 17 # 55 - 41 BARRIO RICAURTE Bucaramanga SANTANDER Colombia,7.107793,-73.119694
Alojamiento En Hoteles,CALLE 31 # 20 - 32 BARRIO ANTONIA SANTOS CENRO Bucaramanga SANTANDER Colombia,7.1230258,-73.1233032
Alojamiento En Hoteles,CALLE 34 NO. 18-44 Bucaramanga SANTANDER Colombia,7.1203124,-73.1241869
Alojamiento En Hoteles,CALLE 31 # 20 - 29 BARRIO CENTRO Bucaramanga SANTANDER Colombia,7.123089,-73.12344399999999
Alojamiento En Hoteles,CARRERA 24 # 15 - 55 BARRIO SAN FRANCISCO Bucaramanga SANTANDER Colombia,7.132841,-73.122672
Alojamiento En Hoteles,CALLE 34 # 32 - 34 BARRIO MEJORAS PUBLICAS Bucaramanga SANTANDER Colombia,7.124929099999999,-73.113295
Alojamiento En Hoteles,CARRERA 21 # 30 - 55 BARRIO ANTONIA SANTOS Bucaramanga SANTANDER Colombia,7.1235782,-73.1230309
Alojamiento En Hoteles,CALLE 34 # 32 - 80 - 88 Bucaramanga SANTANDER Colombia,7.125185999999999,-73.112957
Alojamiento En Hoteles,CALLE 55 # 17 A - 36 BARRIO RICAURTE Bucaramanga SANTANDER Colombia,7.1085191,-73.1190586
Alojamiento En Hoteles,DIAGONAL 15 # 58 - 40 CALLE 58 A # 17 F - 57 BARRIO Bucaramanga SANTANDER Colombia,7.1077417,-73.11630819999999
Alojamiento En Hoteles,TRANSVERSAL 93 # 34 - 180 BARRIO EL TEJAR Bucaramanga SANTANDER Colombia,7.0995021,-73.1072987
Alojamiento En Hoteles,CARRERA 22 # 54 - 100 Bucaramanga SANTANDER Colombia,7.109819399999999,-73.11610569999999
Alojamiento En Hoteles,CARRERA 18 # 28 - 54 BARRIO ALARCON Bucaramanga SANTANDER Colombia,7.12384,-73.125976
Alojamiento En Hoteles,CARRERA 21 # 31 - 41 Bucaramanga SANTANDER Colombia,7.1229125,-73.1227969
Alojamiento En Hoteles,CALLE 56 # 17 A - 21 BARRIO LA CONCORDIA Bucaramanga SANTANDER Colombia,7.107858999999999,-73.119029
Alojamiento En Hoteles,CARRERA 16 # 31 - 33 Bucaramanga SANTANDER Colombia,7.121167,-73.1268161
Alojamiento En Hoteles,CALLE 32 # 21 - 35 Bucaramanga SANTANDER Colombia,7.122943999999999,-73.122457
Alojamiento En Hoteles,AV. QUEBRADA SECA NO. 20-18 Bucaramanga SANTANDER Colombia,7.1236343,-73.1236764
Alojamiento En Hoteles,CALLE 55 # 17 A - 52 BARRIO BARRIO RICAURTE Bucaramanga SANTANDER Colombia,7.1085654,-73.1188839
Alojamiento En Hoteles,VIA PALENQUE CAFE MADRID # 44 - 96 BODEGA 1 BARRIO CHIMITA Bucaramanga SANTANDER Colombia,7.1287471,-73.1560368
Alojamiento En Hoteles,CALLE 48 # 27 - 44 BARRIO NUEVO SOTOMAYOR Bucaramanga SANTANDER Colombia,7.116598,-73.11475899999999
Alojamiento En Hoteles,CARRERA 32 # 34 - 25 BARRIO LA AURORA Bucaramanga SANTANDER Colombia,7.1247056,-73.11350809999999
Alojamiento En Hoteles,CARRERA 17 B # 54 - 30 BARRIO RICAURTE Bucaramanga SANTANDER Colombia,7.1089359,-73.119255
Alojamiento En Hoteles,CALLE 24 # 17 - 43 BARRIO ALARCON Bucaramanga SANTANDER Colombia,7.0642007,-73.1644974
Alojamiento En Hoteles,CR 38   48   66  CABECERA Bucaramanga SANTANDER Colombia,7.1165243,-73.10842190000001
Alojamiento En Hoteles,CARRERA 18 # 31 - 40 Bucaramanga SANTANDER Colombia,7.1218743,-73.1251916
Alojamiento En Hoteles,CALLE 33 # 30 - 26 Bucaramanga SANTANDER Colombia,7.125355799999999,-73.11487009999999
Alojamiento En Hoteles,CL 29 15 79 BRR GRANADAS Bucaramanga SANTANDER Colombia,7.1231703,-73.1275739
Alojamiento En Hoteles,CALLE 30 # 21 - 17 Bucaramanga SANTANDER Colombia,7.124467999999999,-73.1227254
Alojamiento En Hoteles,CARRERA 17 A # 53 - 78 Bucaramanga SANTANDER Colombia,7.108746,-73.1196654
Alojamiento En Hoteles,CARRERA 18 # 30 - 35 BARRIO CENTRO Bucaramanga SANTANDER Colombia,7.1228001,-73.1253758
Alojamiento En Hoteles,CL 32   21   27 BRR CENTRO Bucaramanga SANTANDER Colombia,7.1227587,-73.12248629999999
Alojamiento En Hoteles,CARRERA 17 # 23 - 36 - 38 - 40 BARRIO GRANADA Bucaramanga SANTANDER Colombia,7.125116999999999,-73.127371
Alojamiento En Hoteles,CL 23   17   11 BRR ALARCON Bucaramanga SANTANDER Colombia,7.1255857,-73.1272408
Alojamiento En Hoteles,CARRERA 22 # 28 - 59 BARRIO ALARCON Bucaramanga SANTANDER Colombia,7.1253201,-73.1228503
Alojamiento En Hoteles,CALLE 24 # 17 - 25 Bucaramanga SANTANDER Colombia,7.1249939,-73.12698000000002
Alojamiento En Apartahoteles,CALLE 3 # 15 - 63 TORRE 3 - 301 PARQUE RESIDENCIAL SOLERI Bucaramanga SANTANDER Colombia,7.1415495,-73.1323925
Alojamiento En Hoteles,CARRERA 17 B # 54 - 34 BARRIO RICAURTE Bucaramanga SANTANDER Colombia,7.108919299999999,-73.119143
Alojamiento En Hoteles,CALLE 56 # 15 - 12 Bucaramanga SANTANDER Colombia,7.107247999999999,-73.120982
Alojamiento En Hoteles,CALLE 90 # 20 - 25 BARRIO DIAMANTE II Bucaramanga SANTANDER Colombia,7.0916367,-73.11617389999999
Alojamiento En Hoteles,CALLE 33 # 20 - 21 BARRIO ANTONIA SANTOS Bucaramanga SANTANDER Colombia,7.121924099999999,-73.1230511
Alojamiento En Hoteles,CL 42   28   28 AP 1301 TO B CONJ RESIDENCIAL SOTOMAYOR Bucaramanga SANTANDER Colombia,7.1199203,-73.113727
Alojamiento En Hoteles,CARRERA 16 # 30 - 61 BARRIO CENTRO Bucaramanga SANTANDER Colombia,7.121715999999999,-73.127017
Alojamiento En Hoteles,CARRERA 33 # 51 - 57 BARRIO CABECERA Bucaramanga SANTANDER Colombia,7.1140737,-73.11045399999999
Alojamiento En Hoteles,CALLE 48 # 23 BIS 44 Bucaramanga SANTANDER Colombia,7.1151836,-73.11662849999999
Alojamiento En Hoteles,AVENIDA QUEBRADA SECA # 14 - 50 BARRIO GRANADAS Bucaramanga SANTANDER Colombia,7.1222962,-73.128449
Alojamiento En Hoteles,TRANSVERSAL METROPOLITANA # 13 A - 21 Bucaramanga SANTANDER Colombia,7.0883269,-73.1251545
Alojamiento En Hoteles,CARRERA 17 # 31 - 66 BARRIO CENTRO Bucaramanga SANTANDER Colombia,7.1213724,-73.1260532
Alojamiento En Centros Vacacionales,KILOMETRO 3 VIA BUCARAMANGA SURATA HOSTAL CHITOTA VEREDA ANGELINOS Bucaramanga SANTANDER Colombia,7.119349,-73.1227416
Alojamiento En Hoteles,CARRERA 17 A # 54 - 41 BARRIO RICAURTE Bucaramanga SANTANDER Colombia,7.108695099999999,-73.1194517
Alojamiento En Hoteles,AVENIDA QUEBRADA SECA # 19 - 70 Bucaramanga SANTANDER Colombia,7.1233903,-73.1241464
Alojamiento En Hoteles,CALLE 29 # 16 - 41 BARRIO ALARCON Bucaramanga SANTANDER Colombia,7.1244572,-73.1242323
Alojamiento En Hoteles,CALLE 31 # 17 - 32 BARRIO ANTONIA SANTOS Bucaramanga SANTANDER Colombia,7.1218786,-73.125908
Alojamiento En Hoteles,CALLE 55 # 17 A - 33 BARRIO RICAURTE Bucaramanga SANTANDER Colombia,7.1086708,-73.1192628
Alojamiento En Hoteles,CARRERA 17 B # 54 - 26 BARRIO RICAURTE Bucaramanga SANTANDER Colombia,7.1090154,-73.1191418
Alojamiento En Hoteles,CALLE 55 # 17 A - 62 - 68 Bucaramanga SANTANDER Colombia,7.108602400000001,-73.11879580000002
Alojamiento En Hoteles,CARRERA 18 # 30 - 31 Bucaramanga SANTANDER Colombia,7.1227648,-73.1254003
Alojamiento En Hoteles,CALLE 31 # 19 - 31 BARRIO CENTRO Bucaramanga SANTANDER Colombia,7.122794,-73.12414199999999
Alojamiento En Hoteles,CR 36   52   138   34 Bucaramanga SANTANDER Colombia,7.112226,-73.107995
Alojamiento En Hoteles,CARRERA 18 # 33 - 60 BARRIO CENTRO Bucaramanga SANTANDER Colombia,7.1205168,-73.12469469999999
Alojamiento En Hoteles,CL  35   18   65 OF 601 CC ROSEDAL Bucaramanga SANTANDER Colombia,7.1196809,-73.12377049999999
Alojamiento En Hoteles,CL 31   21    34 Bucaramanga SANTANDER Colombia,7.123207900000001,-73.12258229999999
Alojamiento En Hoteles,CALLE 10 # 27 - 28 Bucaramanga SANTANDER Colombia,7.137531399999999,-73.11995329999999
Alojamiento En Hoteles,CALLE 53 # 31 - 140 Bucaramanga SANTANDER Colombia,7.1111138,-73.11074669999999
Alojamiento En Hoteles,CL 51   34   17 OF 210 Bucaramanga SANTANDER Colombia,7.1150809,-73.10958839999999
Alojamiento En Hoteles,CARRERA 34 # 46 - 104 BARRIO CABECERA DEL LLANO Bucaramanga SANTANDER Colombia,7.1172076,-73.1106056
Alojamiento En Hoteles,CARRERA 19 # 30 - 23 Bucaramanga SANTANDER Colombia,7.123199,-73.1245709
Alojamiento Rural,CARRERA 14 # 35 - 26 OFICINA 401 Bucaramanga SANTANDER Colombia,7.119349,-73.1227416
Alojamiento En Hoteles,CARRERA 15 # 41 - 25 BARRIO CENTRO Bucaramanga SANTANDER Colombia,7.116101599999999,-73.12555780000001
Alojamiento En Hoteles,CARRERA 18 # 21 - 64 BARRIO ALARCON Bucaramanga SANTANDER Colombia,7.126688,-73.126835
Alojamiento En Hoteles,CALLE 24 # 17 - 59 BARRIO ALARCON Bucaramanga SANTANDER Colombia,7.0642007,-73.1644974
Alojamiento En Hoteles,CR 21   30   42 BRR ANTONIA SANTOS Bucaramanga SANTANDER Colombia,7.123588,-73.123203
Alojamiento En Hoteles,CALLE 56 # 18 - 25 BARRIO RICAURTE Bucaramanga SANTANDER Colombia,7.1087284,-73.1167321
Alojamiento En Hoteles,CALLE 30 # 17 - 38 Bucaramanga SANTANDER Colombia,7.1226181,-73.1260264
Alojamiento En Hoteles,DIAGONAL 15 # 45 - 52 Bucaramanga SANTANDER Colombia,7.113945299999999,-73.124982
Alojamiento En Hoteles,CR 34   42   09 AP 201 ED TORRES DE BILBAO BRR CABECERA Bucaramanga SANTANDER Colombia,7.1211158,-73.1110479
Alojamiento En Hoteles,CR 16   30   22 BRR CENTRO Bucaramanga SANTANDER Colombia,7.121017999999999,-73.1293929
Alojamiento En Hoteles,CARRERA 22 # 54 - 100 BARRIO LA CONCORDIA Bucaramanga SANTANDER Colombia,7.109819399999999,-73.11610569999999
Alojamiento En Hoteles,CALLE 56 # 21 - 49 Bucaramanga SANTANDER Colombia,7.1089844,-73.116001
Alojamiento En Hoteles,CARRERA 31 # 33 - 60 BARRIO LA AURORA Bucaramanga SANTANDER Colombia,7.125089999999999,-73.114223
Alojamiento En Hoteles,CARRERA 35 A # 49 - 07 LOCAL 402 - 6 EDIFICIO CENTRO COMERCIAL CABECERA CUARTA ETAPA Bucaramanga SANTANDER Colombia,7.1149958,-73.10878640000001
Alojamiento En Hoteles,CALLE 34 # 13 - 75 BARRIO CENTRO Bucaramanga SANTANDER Colombia,7.1190738,-73.12786439999999
Alojamiento Rural,CARRERA 39 # 41 - 09 APARTAMENTO 1202 Bucaramanga SANTANDER Colombia,7.122858,-73.10771
Alojamiento En Hoteles,CL 31   19   25   BRR ANTONIA SANTOS Bucaramanga SANTANDER Colombia,7.1228538,-73.12418559999999
Alojamiento En Hoteles,CL 15   20   07 OF 301 BRR SAN FRANCISCO Bucaramanga SANTANDER Colombia,7.133579699999999,-73.1094541
Alojamiento En Hoteles,CALLE 56 # 17 A - 08 BARRIO RICAURTE Bucaramanga SANTANDER Colombia,7.1075798,-73.1190361
Alojamiento En Hoteles,CL 31   23   16 BRR ANTONIA SANTOS Bucaramanga SANTANDER Colombia,7.123985599999999,-73.1212826
Alojamiento En Hoteles,CALLE 33 # 19 - 68 BARRIO CENTRO Bucaramanga SANTANDER Colombia,7.1216342,-73.12334539999999
Alojamiento En Hoteles,CARRERA 20 # 36 - 68 BARRIO CENTRO Bucaramanga SANTANDER Colombia,7.118846,-73.122162
Alojamiento En Hoteles,CALLE 55 # 17 A - 25 BARRIO RICAURTE Bucaramanga SANTANDER Colombia,7.108582999999999,-73.11926
Alojamiento En Apartahoteles,CALLE 37 # 24 - 49 APARTAMENTO 605 EDIFICIO STRADA SUITES TORRE EJECUTIVA P.H. Bucaramanga SANTANDER Colombia,7.119862899999999,-73.1183097
Alojamiento En Hoteles,CARRERA 35 # 54 - 109 Bucaramanga SANTANDER Colombia,7.110206799999999,-73.10865369999999
Alojamiento En Hoteles,CALLE 31 # 20 - 40 Bucaramanga SANTANDER Colombia,7.123058899999999,-73.1232903
Alojamiento En Hoteles,CL. 48 NO. 34-29 Bucaramanga SANTANDER Colombia,7.116796,-73.110162
Alojamiento En Hoteles,DIAGONAL 15 # 58 - 40 Bucaramanga SANTANDER Colombia,7.1077417,-73.11630819999999
Alojamiento En Hoteles,DG 15   55   55 BRR LA CONCORDIA Bucaramanga SANTANDER Colombia,7.1085724,-73.1176618
Alojamiento En Hoteles,CL 56 NO. 17A-77 HOTEL BUCARAMANGA PLAZA Bucaramanga SANTANDER Colombia,7.1080448,-73.1185793
Alojamiento En Hoteles,CR 22   21   59 Bucaramanga SANTANDER Colombia,7.1274483,-73.1233081
Alojamiento En Hoteles,CALLE 61 # 16 - 38 Bucaramanga SANTANDER Colombia,7.104286999999999,-73.11838
Alojamiento En Hoteles,CR.17C NO. 55-56 Bucaramanga SANTANDER Colombia,7.1083349,-73.1180213
Alojamiento En Hoteles,CL  99   13   53 BRR CONQUISTADORES Bucaramanga SANTANDER Colombia,7.0884918,-73.1238386
Alojamiento En Hoteles,CALLE 32 # 21 - 65 BARRIO ANTONIA SANTOS Bucaramanga SANTANDER Colombia,7.122911999999999,-73.12217799999999
Alojamiento En Hoteles,CL 45   13   57 BRR GARCIA ROVIRA Bucaramanga SANTANDER Colombia,7.1139758,-73.1267539
Alojamiento En Hoteles,CARRERA 15 # 56 - 31 BARRIO GOMEZ NIÑO Bucaramanga SANTANDER Colombia,7.1073048,-73.12106659999999
Alojamiento En Hoteles,CR  17 A   53   59 BRR LA CONCORDIA Bucaramanga SANTANDER Colombia,7.108954000000001,-73.11960619999999
Alojamiento En Hoteles,CARRERA 17 A # 28 - 17 Bucaramanga SANTANDER Colombia,7.1241325,-73.1264125
Alojamiento En Hoteles,CALLE 42 # 18 - 06 Bucaramanga SANTANDER Colombia,7.115981,-73.1224785
Alojamiento En Hoteles,CALLE 34 # 13 - 51 BARRIO CENTRO Bucaramanga SANTANDER Colombia,7.1190039,-73.1280391
Alojamiento En Hoteles,CALLE 51 # 31 - 106 Bucaramanga SANTANDER Colombia,7.1139212,-73.1113329
Alojamiento En Hoteles,CR 12   34   67 OF 302 Bucaramanga SANTANDER Colombia,7.080264799999999,-73.1026358
Alojamiento En Hoteles,CARRERA 24 # 80 - 12 URBANIZACIÓN NEPTUNO BLOQUE DIANA APARTAMENTO 5 B BARRIO DIAMANTE II Bucaramanga SANTANDER Colombia,7.0956674,-73.111379
Alojamiento En Hoteles,CALLE 34 # 17 - 73 Bucaramanga SANTANDER Colombia,7.120203699999999,-73.12479239999999
Alojamiento En Hoteles,CALLE 55 # 17 A - 46 BARRIO RICAURTE Bucaramanga SANTANDER Colombia,7.1085403,-73.118966
Alojamiento Rural,CL 43   29   55 OF 203 ED PALMAS 42 Bucaramanga SANTANDER Colombia,7.1203346,-73.1125478
Alojamiento En Hoteles,CARRERA 17 A # 55 - 07 Bucaramanga SANTANDER Colombia,7.1084,-73.1193784
Alojamiento En Hoteles,CALLE 56 # 17 A - 34 BARRIO RICAURTE Bucaramanga SANTANDER Colombia,7.107725,-73.1188516
Alojamiento En Hoteles,CR 5 29 - 19 BARRIO GIRARDOT Bucaramanga SANTANDER Colombia,7.1201142,-73.135168
Alojamiento En Hoteles,CALLE 35 # 18 - 83 BARRIO CENTRO Bucaramanga SANTANDER Colombia,7.119736,-73.123541
Alojamiento En Hoteles,CARRERA 15 # 19 - 27 Bucaramanga SANTANDER Colombia,7.128298000000001,-73.12957
Alojamiento En Hoteles,CARRERA 17 A # 53 - 19 BARRIO LA CONCORDIA Bucaramanga SANTANDER Colombia,7.109372,-73.11977
Alojamiento En Apartahoteles,AV QUEBRADASECA   29   09 AP 1102 Bucaramanga SANTANDER Colombia,7.123709799999999,-73.1254916
Alojamiento En Hoteles,CARRERA 17 C # 55 - 56 Bucaramanga SANTANDER Colombia,7.1083349,-73.1180213
Alojamiento En Apartahoteles,AV BUCAROS OESTE 3   155 TO 7 AP 906 Bucaramanga SANTANDER Colombia,7.1036513,-73.1269375
Alojamiento En Hoteles,CALLE 40 # 5 N - 114 BARRIO CAFÉ MADRID Bucaramanga SANTANDER Colombia,7.118832,-73.117111
Alojamiento En Hoteles,CR 6 43 N 02 BARRIO CAFÉ MADRID Bucaramanga SANTANDER Colombia,7.1530833,-73.1337914
Alojamiento En Hoteles,CR 17   55   55 BRR RICAURTE Bucaramanga SANTANDER Colombia,7.1077597,-73.1197406
Alojamiento En Hoteles,CARRERA 17 D # 58 - 52 OFICINA 301 Bucaramanga SANTANDER Colombia,7.1071011,-73.1170704
Alojamiento En Hoteles,CR 22   30   29 BRR ANTONIA SANTOS Bucaramanga SANTANDER Colombia,7.124307000000001,-73.122345
Alojamiento En Hoteles,CALLE 55 # 17 A - 120 Bucaramanga SANTANDER Colombia,7.108742299999999,-73.1183604
Alojamiento En Hoteles,CALLE 30 # 16 - 10 Bucaramanga SANTANDER Colombia,7.1222862,-73.1271375
Alojamiento En Hoteles,CALLE 35 # 18 - 33 BARRIO CENTRO Bucaramanga SANTANDER Colombia,7.1195794,-73.1239646
Alojamiento En Hoteles,CALLE 61 # 17 F - 15 Bucaramanga SANTANDER Colombia,7.1061947,-73.11497109999999
Alojamiento En Hoteles,CALLE 30 # 16 - 41 BARRIO CENTRO Bucaramanga SANTANDER Colombia,7.12244,-73.12686699999999
Alojamiento En Hoteles,CL 70   3   97 KM 2 VIA GIRON Bucaramanga SANTANDER Colombia,7.1013779,-73.11120609999999
Alojamiento En Hoteles,CALLE 33 # 32 - 90 Y 32 - 92 BARRIO EL PRADO Bucaramanga SANTANDER Colombia,7.1264154,-73.11300899999999
Alojamiento En Hoteles,Calle 31 # 20 -  52 Bucaramanga SANTANDER Colombia,7.1231347,-73.12320799999999
Alojamiento En Hoteles,CALLE 55 # 17 - 12 INCLUYENDO CALLE 55 # 17 - 35 BARRIO RICAURTE Bucaramanga SANTANDER Colombia,7.108416999999999,-73.11966199999999
Alojamiento En Hoteles,Calle 31 # 22 -  41 Bucaramanga SANTANDER Colombia,7.123894,-73.121776
Alojamiento En Hoteles,FINCA EL PROGRESO VEREDA SAN JOSE CASA 40 Bucaramanga SANTANDER Colombia,7.1164903,-73.1061172
Alojamiento En Hoteles,Carrera 18 # 20 -  29 Bucaramanga SANTANDER Colombia,7.127810800000001,-73.12690049999999
Alojamiento En Hoteles,Calle 61 # 17 -  38 Bucaramanga SANTANDER Colombia,7.1045421,-73.1179789
Alojamiento En Hoteles,CARRERA 17 # 55 - 03 BARRIO LA CONCORDIA Bucaramanga SANTANDER Colombia,7.108231099999999,-73.1198756
Alojamiento En Hoteles,Calle 34 # 22 -  72 Local 1 Bucaramanga SANTANDER Colombia,7.1216902,-73.12075949999999
Alojamiento Rural,Vereda SANTA BARBARA 10 DE MAYO Finca EL CEDRO Bucaramanga SANTANDER Colombia,7.0613122,-73.0665899
Alojamiento En Hoteles,Carrera 17B # 54 -  12 Barrio RICAURTE Bucaramanga SANTANDER Colombia,7.1090773,-73.1193089
Alojamiento En Hoteles,CARRERA 22 # 30 - 69 BARRIO CENTRO Bucaramanga SANTANDER Colombia,7.1240076,-73.12218779999999
Alojamiento En Apartahoteles,Carrera 29 # 31 -  24 Apartamento 601 Edificio ARAMA Barrio LA AURORA Bucaramanga SANTANDER Colombia,7.126055,-73.11675
Alojamiento En Hoteles,CARRERA 17 A # 28 - 46 PISO 2 BARRIO ALARCON Bucaramanga SANTANDER Colombia,7.1237916,-73.1264024
Alojamiento En Hoteles,CR 17 A     58   15 BRR RICAURTE Bucaramanga SANTANDER Colombia,7.105627699999999,-73.1183042
Alojamiento Rural,CARRERA 6 # 60 - 03 CONJUNTO METROPOLIS 5 TORRE 13 APARTADO 402 BARRIO REAL DE MINAS Bucaramanga SANTANDER Colombia,7.0997816,-73.1262244
Alojamiento En Hoteles,Carrera 19 # 37 -  26 Bucaramanga SANTANDER Colombia,7.1180321,-73.1227005
Alojamiento En Hoteles,Carrera 18 # 30 -  36 Barrio CENTRO Bucaramanga SANTANDER Colombia,7.122681,-73.125472
Alojamiento En Hoteles,Calle 52B # 31 -  109 Barrio ANTIGUO CAMPESTRE Bucaramanga SANTANDER Colombia,7.111903,-73.111132
Alojamiento En Hoteles,Calle 56 # 17B -  44 Bucaramanga SANTANDER Colombia,7.1079725,-73.11831389999999
Alojamiento En Hoteles,Carrera 17 # 24 -  45 Piso 3 Bucaramanga SANTANDER Colombia,7.1244267,-73.12700389999999
Alojamiento En Hoteles,CARRERA 17A # 55 - 18 BARRIO LA CONCORDIA Bucaramanga SANTANDER Colombia,7.1082395,-73.1194543
Alojamiento En Hoteles,Transversal METROPOLITANA # 13A -  65 Bucaramanga SANTANDER Colombia,7.0887033,-73.1260034
Alojamiento En Hoteles,CALLE 55 # 17 A - 128 BARRIO RICAURTE Bucaramanga SANTANDER Colombia,7.1086712,-73.1182729
Alojamiento Rural,CARRERA 49 # 72 - 104 CASA C 1 CONJUNTO HACIENDA DEL CACIQUE Bucaramanga SANTANDER Colombia,7.102277399999999,-73.1022175
Alojamiento En Hoteles,Calle 33 # 30 -  44 Bucaramanga SANTANDER Colombia,7.1254399,-73.1147343
Alojamiento En Hoteles,Kilómetro 4 Vía BUCARAMANGA-GIRON HOTEL SERVICOPETRAN Bucaramanga SANTANDER Colombia,7.0856859,-73.14012199999999
Alojamiento Rural,CL 20 32 A 39 AP 1103 Bucaramanga SANTANDER Colombia,7.119349,-73.1227416
Alojamiento En Hoteles,Calle 34 # 24 -  09 Bucaramanga SANTANDER Colombia,7.122166,-73.11967
Alojamiento En Hoteles,Calle 37 # 24 -  49 Oficina 1701 Barrio BOLIVAR Bucaramanga SANTANDER Colombia,7.119675699999999,-73.1182601
Alojamiento Rural,Calle 36 # 34 -  02 Bucaramanga SANTANDER Colombia,7.124086999999999,-73.1115489
Alojamiento En Hoteles,Carrera 21 # 34 -  35 Bucaramanga SANTANDER Colombia,7.1208382,-73.1219452
Alojamiento En Hoteles,Calle 34 # 30 -  47 Bucaramanga SANTANDER Colombia,7.1246658,-73.1142497
Alojamiento En Hoteles,Carrera 51 # 72 -  98 Bucaramanga SANTANDER Colombia,7.1024276,-73.1005441
Alojamiento En Hoteles,Carrera 17 # 31 -  31 Bucaramanga SANTANDER Colombia,7.1216026,-73.1259943
Alojamiento En Hoteles,Calle 31 # 19 -  71 Barrio CENTRO Bucaramanga SANTANDER Colombia,7.1229545,-73.1238134
Alojamiento En Hoteles,Calle 34 # 32 -  34 Bucaramanga SANTANDER Colombia,7.124929099999999,-73.113295
Alojamiento En Hoteles,Calle 55 # 17A - 17 BARRIO RICAURTE Bucaramanga SANTANDER Colombia,7.108542,-73.1192854
Alojamiento En Hoteles,Carrera 17B # 54 -  46 Barrio RICAURTE Bucaramanga SANTANDER Colombia,7.108829399999999,-73.1192232
Alojamiento En Hoteles,CARRERA 17 # 24 -  71 Bucaramanga SANTANDER Colombia,7.1243273,-73.1269099
Alojamiento En Apartahoteles,Carrera 40 # 46 -  09 Bucaramanga SANTANDER Colombia,7.1183906,-73.10610249999999
Alojamiento En Hoteles,CR 17   34   08 BRR CENTRO Bucaramanga SANTANDER Colombia,7.119757099999999,-73.1255165
Alojamiento En Hoteles,Carrera 21 # 31 -  58 Bucaramanga SANTANDER Colombia,7.122696599999999,-73.1228813
Alojamiento En Hoteles,Calle 31 # 17 -  71 Barrio CENTRO Bucaramanga SANTANDER Colombia,7.122165799999999,-73.125664
Alojamiento En Hoteles,Calle 30 # 17 -  50 Barrio CENTRO Bucaramanga SANTANDER Colombia,7.122757,-73.12599949999999
Alojamiento En Hoteles,Calle 41 # 10 -  12 Bucaramanga SANTANDER Colombia,7.1156136,-73.1299111
Alojamiento En Hoteles,Carrera 17B # 54 -  54 Bucaramanga SANTANDER Colombia,7.1087782,-73.11915909999999
Alojamiento En Hoteles,Calle 42 # 27A -  78 Apartamento 904 Edificio MARQUES DE SOTOMAYOR Bucaramanga SANTANDER Colombia,7.1194969,-73.1141851
Alojamiento En Hoteles,CALLE 35 # 18 - 33 OFICINA 1 Bucaramanga SANTANDER Colombia,7.1195794,-73.1239646
Alojamiento En Hoteles,Calle 56 # 16 -  49 Barrio GÓMEZ NIÑO Bucaramanga SANTANDER Colombia,7.107640399999999,-73.120008
Alojamiento En Hoteles,Carrera 17 # 55  -  13 Bucaramanga SANTANDER Colombia,7.108136000000001,-73.119817
Alojamiento En Hoteles,Calle 33 # 20 -  46 Bucaramanga SANTANDER Colombia,7.1218144,-73.1228211
Alojamiento En Apartahoteles,Carrera 55 # 73 -  01 Casa 4 Bucaramanga SANTANDER Colombia,7.102783199999999,-73.0963726
Alojamiento En Hoteles,Calle 55 # 17 -  12 Barrio RICAURTE Bucaramanga SANTANDER Colombia,7.1082527,-73.1197739
Alojamiento En Apartahoteles,Calle 32 # 32 -  64 Local 11 Barrio LA AURORA Bucaramanga SANTANDER Colombia,7.1269825,-73.11353249999999
Alojamiento En Hoteles,Calle 34 # 22 -  72 Bucaramanga SANTANDER Colombia,7.1214914,-73.1205307
Alojamiento Rural,CR 27   36   14 BRR BOLIVAR Bucaramanga SANTANDER Colombia,7.120906000000001,-73.116666
Alojamiento En Hoteles,Calle 54 # 17B -  47 Barrio LA CONCORDIA Bucaramanga SANTANDER Colombia,7.109463000000001,-73.11877199999999
Alojamiento En Hoteles,Carrera 8 # 23N -  75 Lote N2 Barrio BAVARIA 2 Bucaramanga SANTANDER Colombia,7.09366,-73.125869
Alojamiento Rural,Corregimiento 3 Vereda EL PEDREGAL Finca EL CEDRO Sector EDEN DEL PEDREGAL Bucaramanga SANTANDER Colombia,7.147134299999999,-73.10523309999999
Alojamiento Rural,CR 40   44   06 TO 1 AP 15   03 ED DUBAI BRR CABECERRA DEL LLANO Bucaramanga SANTANDER Colombia,7.1173268,-73.10766749999999
Alojamiento En Hoteles,CALLE 56 # 17 B - 44 Bucaramanga SANTANDER Colombia,7.1079725,-73.11831389999999
