DESC. CIIU1;Direccion
Expendio De Bebidas Alcohólicas Para El Consumo Dentro Del Establecimiento;CR. 14 NO. 24 - 76 BARRIO GRANADA-GIRARDOT Bucaramanga SANTANDER Colombia
Expendio De Bebidas Alcohólicas Para El Consumo Dentro Del Establecimiento;KM 4 VIA A PAMPLONA BUENAVISTA Bucaramanga SANTANDER Colombia
Expendio De Bebidas Alcohólicas Para El Consumo Dentro Del Establecimiento;CR. 13 NO. 28-40 BARRIO GIRARDOT Bucaramanga SANTANDER Colombia
Expendio De Bebidas Alcohólicas Para El Consumo Dentro Del Establecimiento;CALLE 59 # 17 C - 11 Bucaramanga SANTANDER Colombia
Expendio De Bebidas Alcohólicas Para El Consumo Dentro Del Establecimiento;CL. 57 NO. 17A-22 Bucaramanga SANTANDER Colombia
Expendio De Bebidas Alcohólicas Para El Consumo Dentro Del Establecimiento;CR. 30 NO. 13 -32 SAN ALONSO Bucaramanga SANTANDER Colombia
Expendio De Bebidas Alcohólicas Para El Consumo Dentro Del Establecimiento;CALLE 17 # 58 - 49 BARRIO BUENOS AIRES Bucaramanga SANTANDER Colombia
Expendio De Bebidas Alcohólicas Para El Consumo Dentro Del Establecimiento;CL. 14 NO. 24 - 74 BARRIO SAN FRANCISCO Bucaramanga SANTANDER Colombia
Expendio De Bebidas Alcohólicas Para El Consumo Dentro Del Establecimiento;CRA. 15  NO. 31-56 PISO 3 Bucaramanga SANTANDER Colombia
Expendio De Bebidas Alcohólicas Para El Consumo Dentro Del Establecimiento;CR 2 NO. 26-02 GIRARDOT Bucaramanga SANTANDER Colombia
Expendio De Bebidas Alcohólicas Para El Consumo Dentro Del Establecimiento;CALLE 45 # 1 OCCIDENTE - 02 BARRIO CAMPOHERMOSO Bucaramanga SANTANDER Colombia
Expendio De Bebidas Alcohólicas Para El Consumo Dentro Del Establecimiento;CARRERA 14 W # 60 BIS - 95 Bucaramanga SANTANDER Colombia
Actividades De Otros Servicios De Comidas;CARRERA 29 # 21 - 09 BARRIO SAN ALONSO Bucaramanga SANTANDER Colombia
Expendio De Bebidas Alcohólicas Para El Consumo Dentro Del Establecimiento;CARRERA 22 # 56 - 52 BARRIO RICAURTE Bucaramanga SANTANDER Colombia
Expendio De Bebidas Alcohólicas Para El Consumo Dentro Del Establecimiento;CL. 70 NO. 44 W - 31 SECTOR EL BUENO Bucaramanga SANTANDER Colombia
Expendio De Bebidas Alcohólicas Para El Consumo Dentro Del Establecimiento;CALLE 24 # 11 - 63 BARRIO GRANADA Bucaramanga SANTANDER Colombia
Expendio De Bebidas Alcohólicas Para El Consumo Dentro Del Establecimiento;CL. 28 NO. 15-14 BARRIO ALARCON Bucaramanga SANTANDER Colombia
Expendio De Bebidas Alcohólicas Para El Consumo Dentro Del Establecimiento;CR. 35 NO. 51-115 Bucaramanga SANTANDER Colombia
Expendio De Bebidas Alcohólicas Para El Consumo Dentro Del Establecimiento;CL. 33 NO. 20-05 Bucaramanga SANTANDER Colombia
Expendio De Bebidas Alcohólicas Para El Consumo Dentro Del Establecimiento;CARRERA 21 # 30 - 69 BARRIO ANTONIA SANTOS Bucaramanga SANTANDER Colombia
Expendio De Bebidas Alcohólicas Para El Consumo Dentro Del Establecimiento;CALLE 27 # 1 - 89 BARRIO CAMILO TORRES Bucaramanga SANTANDER Colombia
Expendio De Bebidas Alcohólicas Para El Consumo Dentro Del Establecimiento;CL. 31 NO. 14 - 54 Bucaramanga SANTANDER Colombia
Expendio De Bebidas Alcohólicas Para El Consumo Dentro Del Establecimiento;CARRERA 17 # 22 - 34 BARRIO ALARCON Bucaramanga SANTANDER Colombia
Expendio De Bebidas Alcohólicas Para El Consumo Dentro Del Establecimiento;CARRERA 13 W # 60 BIS 91 BARRIO BRISAS DEL MUTIS Bucaramanga SANTANDER Colombia
Expendio De Bebidas Alcohólicas Para El Consumo Dentro Del Establecimiento;CRA 27C NO 87-42  B. SAN MARTIN Bucaramanga SANTANDER Colombia
Expendio De Bebidas Alcohólicas Para El Consumo Dentro Del Establecimiento;BOULEVAR BOLIVAR # 20-38 Bucaramanga SANTANDER Colombia
Expendio De Bebidas Alcohólicas Para El Consumo Dentro Del Establecimiento;CALLE 105 # 22 - 12 PISO 2 BARRIO PROVENZA Bucaramanga SANTANDER Colombia
Expendio De Bebidas Alcohólicas Para El Consumo Dentro Del Establecimiento;CARRERA 14 B # 45 - 08 Bucaramanga SANTANDER Colombia
Expendio De Bebidas Alcohólicas Para El Consumo Dentro Del Establecimiento;CARRERA 21 # 30 - 55 BARRIO ANTONIA SANTOS Bucaramanga SANTANDER Colombia
Expendio De Bebidas Alcohólicas Para El Consumo Dentro Del Establecimiento;AVENIDA SAMANES 9 - 140 LOCAL 102 CENTRO COMERCIAL ACROPOLIS Bucaramanga SANTANDER Colombia
Expendio De Bebidas Alcohólicas Para El Consumo Dentro Del Establecimiento;CARRERA 5 # 40 - 01 BARRIO CAFE MADRID Bucaramanga SANTANDER Colombia
Expendio De Bebidas Alcohólicas Para El Consumo Dentro Del Establecimiento;AVENIDA LA ROSITA # 24 - 81 Bucaramanga SANTANDER Colombia
Expendio De Bebidas Alcohólicas Para El Consumo Dentro Del Establecimiento;CALLE 14 # 50 - 430 BARRIO MORRORICO LIMONCITO Bucaramanga SANTANDER Colombia
Expendio De Bebidas Alcohólicas Para El Consumo Dentro Del Establecimiento;CARRERA 30 # 13 - 18 BARRIO LA UNIVERSIDAD Bucaramanga SANTANDER Colombia
Expendio De Bebidas Alcohólicas Para El Consumo Dentro Del Establecimiento;CARRERA 35 A # 49 - 55 ZONA COMUN PISO 5 CENTRO COMERCIAL CUARTA ETAPA Bucaramanga SANTANDER Colombia
Expendio De Bebidas Alcohólicas Para El Consumo Dentro Del Establecimiento;CALLE 28 # 15 - 28 BARRIO CENTRO Bucaramanga SANTANDER Colombia
Expendio De Bebidas Alcohólicas Para El Consumo Dentro Del Establecimiento;CALLE 22 # 17 - 75 BARRIO ALARCON Bucaramanga SANTANDER Colombia
Expendio De Bebidas Alcohólicas Para El Consumo Dentro Del Establecimiento;CR. 33 NO. 37-44 Bucaramanga SANTANDER Colombia
Expendio De Bebidas Alcohólicas Para El Consumo Dentro Del Establecimiento;CALLE 29 # 15 - 81 BARRIO ALARCON Bucaramanga SANTANDER Colombia
Actividades De Otros Servicios De Comidas;CARRERA 33 W # 71 - 61 LOTE 39 # 71 - 79 LOTE 40 URBANIZACIÓN PROVINCIA DE SOTO Bucaramanga SANTANDER Colombia
Expendio De Bebidas Alcohólicas Para El Consumo Dentro Del Establecimiento;CARRERA 34 # 48 - 53 PISO 2 Bucaramanga SANTANDER Colombia
Expendio De Bebidas Alcohólicas Para El Consumo Dentro Del Establecimiento;CARRERA 15 # 31 - 21 BARRIO CENTRO Bucaramanga SANTANDER Colombia
Expendio De Bebidas Alcohólicas Para El Consumo Dentro Del Establecimiento;TRANSVERSAL 65 # 1 - 46 LOTE METROPOLITANO DE EVENTOS Bucaramanga SANTANDER Colombia
Expendio De Bebidas Alcohólicas Para El Consumo Dentro Del Establecimiento;DIAGONAL 15 # 45 - 52 UNIDAD3 EDIFICIO SARMIENTO PISO 1 Bucaramanga SANTANDER Colombia
Expendio De Bebidas Alcohólicas Para El Consumo Dentro Del Establecimiento;CALLE 31 # 14 OCCIDENTE - 162 BARRIO DON BOSCO Bucaramanga SANTANDER Colombia
Expendio De Bebidas Alcohólicas Para El Consumo Dentro Del Establecimiento;CALLE 54 # 18 - 02 BARRIO LA CONCORDIA Bucaramanga SANTANDER Colombia
Expendio De Bebidas Alcohólicas Para El Consumo Dentro Del Establecimiento;CALLE 32 # 14 - 35 - 39 PISO 2 BARRIO CENTRO Bucaramanga SANTANDER Colombia
Expendio De Bebidas Alcohólicas Para El Consumo Dentro Del Establecimiento;CARRERA 15 # 45 - 96 Bucaramanga SANTANDER Colombia
Expendio De Bebidas Alcohólicas Para El Consumo Dentro Del Establecimiento;CARRERA 16 # 33 - 38 - 48 LOCAL 36 Bucaramanga SANTANDER Colombia
Expendio De Bebidas Alcohólicas Para El Consumo Dentro Del Establecimiento;CALLE 13 # 22 - 45 LOCAL 9 BARRIO MUTUALIDAD Bucaramanga SANTANDER Colombia
Expendio De Bebidas Alcohólicas Para El Consumo Dentro Del Establecimiento;CARRERA 17C # 56 - 72 BARRIO RICAURTE Bucaramanga SANTANDER Colombia
Expendio De Bebidas Alcohólicas Para El Consumo Dentro Del Establecimiento;CALLE 105 # 16 - 69 BARRIO EL ROCIO Bucaramanga SANTANDER Colombia
Expendio De Bebidas Alcohólicas Para El Consumo Dentro Del Establecimiento;VEREDA PORVENIR KILOMETRO 4 VIA MATANZA Bucaramanga SANTANDER Colombia
Expendio De Bebidas Alcohólicas Para El Consumo Dentro Del Establecimiento;CALLE 12 A # 23 - 17 Bucaramanga SANTANDER Colombia
Expendio De Bebidas Alcohólicas Para El Consumo Dentro Del Establecimiento;CARRERA 16 # 31 - 30 Bucaramanga SANTANDER Colombia
Expendio De Bebidas Alcohólicas Para El Consumo Dentro Del Establecimiento;CRA 8 NO 9N- 155 Bucaramanga SANTANDER Colombia
Expendio De Bebidas Alcohólicas Para El Consumo Dentro Del Establecimiento;CL 33 NO. 31 - 25 Bucaramanga SANTANDER Colombia
Expendio De Bebidas Alcohólicas Para El Consumo Dentro Del Establecimiento;CALLE 33 # 32 - 06 Bucaramanga SANTANDER Colombia
Expendio De Bebidas Alcohólicas Para El Consumo Dentro Del Establecimiento;CARRERA 17 A # 28 - 05 BARRIO ALARCON Bucaramanga SANTANDER Colombia
Expendio De Bebidas Alcohólicas Para El Consumo Dentro Del Establecimiento;CARRERA 16 # 41 - 50 BARRIO CENTRO Bucaramanga SANTANDER Colombia
Expendio De Bebidas Alcohólicas Para El Consumo Dentro Del Establecimiento;CALLE 26 # 12 - 05 Bucaramanga SANTANDER Colombia
Expendio De Bebidas Alcohólicas Para El Consumo Dentro Del Establecimiento;CALLE 21 # 17 - 62 BARRIO SAN FRANCISCO Bucaramanga SANTANDER Colombia
Expendio De Bebidas Alcohólicas Para El Consumo Dentro Del Establecimiento;CL  22   12   02 BRR GIRARDOT Bucaramanga SANTANDER Colombia
Actividades De Otros Servicios De Comidas;CALLE 111 # 21 B - 34 Bucaramanga SANTANDER Colombia
Expendio De Bebidas Alcohólicas Para El Consumo Dentro Del Establecimiento;CARRERA 33 A # 32 - PUESTO 6 PLAZA DE MERCADO GUARIN Bucaramanga SANTANDER Colombia
Expendio De Bebidas Alcohólicas Para El Consumo Dentro Del Establecimiento;CARRERA 17 # 24 - 21 Bucaramanga SANTANDER Colombia
Expendio De Bebidas Alcohólicas Para El Consumo Dentro Del Establecimiento;CARRERA 15 # 31 - 18 INTERIOR 101 BARRIO CENTRO Bucaramanga SANTANDER Colombia
Expendio De Bebidas Alcohólicas Para El Consumo Dentro Del Establecimiento;CALLE 35 # 30 - 15 BARRIO MEJORAS PUBLICAS Bucaramanga SANTANDER Colombia
Actividades De Otros Servicios De Comidas;CALLE 58 # 4 - 04 BARRIO LOS NARANJOS Bucaramanga SANTANDER Colombia
Actividades De Otros Servicios De Comidas;CARRERA 44 # 65 - 66 TORRE A APARTAMENTO 502 EDIFICIO MONTANA Bucaramanga SANTANDER Colombia
Expendio De Bebidas Alcohólicas Para El Consumo Dentro Del Establecimiento;CALLE 16 A # 8 - 41 BARRIO GAITAN Bucaramanga SANTANDER Colombia
Actividades De Otros Servicios De Comidas;CL 54   35 A   33 Bucaramanga SANTANDER Colombia
Expendio De Bebidas Alcohólicas Para El Consumo Dentro Del Establecimiento;CARRERA 2 A # 65 - 78 LOTE METROPOLITANO Bucaramanga SANTANDER Colombia
Expendio De Bebidas Alcohólicas Para El Consumo Dentro Del Establecimiento;DG 105   29   09 BRR ASTURIAS II Bucaramanga SANTANDER Colombia
Expendio De Bebidas Alcohólicas Para El Consumo Dentro Del Establecimiento;CALLE 48 # 35 - 34 LOCAL 1 Bucaramanga SANTANDER Colombia
Actividades De Otros Servicios De Comidas;CALLE 45 # 8 W - 13 BARRIO CAMPO HERMOSO Bucaramanga SANTANDER Colombia
Expendio De Bebidas Alcohólicas Para El Consumo Dentro Del Establecimiento;CR 53   13   20 BRR LA MALAÑA Bucaramanga SANTANDER Colombia
Expendio De Bebidas Alcohólicas Para El Consumo Dentro Del Establecimiento;CARRERA 11 # 61 N - 05 Bucaramanga SANTANDER Colombia
Expendio De Bebidas Alcohólicas Para El Consumo Dentro Del Establecimiento;KILOMETRO 3 VIA MATANZA Bucaramanga SANTANDER Colombia
Expendio De Bebidas Alcohólicas Para El Consumo Dentro Del Establecimiento;CR 25   11   24 LC BRR MUTUALIDAD Bucaramanga SANTANDER Colombia
Expendio De Bebidas Alcohólicas Para El Consumo Dentro Del Establecimiento;CARRERA 33 # 35 - 04 BARRIO MEJORAS PUBLICAS Bucaramanga SANTANDER Colombia
Expendio De Bebidas Alcohólicas Para El Consumo Dentro Del Establecimiento;CARRERA 34 # 37 - 33 APARTAMENTO 206 Bucaramanga SANTANDER Colombia
Expendio De Bebidas Alcohólicas Para El Consumo Dentro Del Establecimiento;CALLE 33 # 31 - 48 Bucaramanga SANTANDER Colombia
Expendio De Bebidas Alcohólicas Para El Consumo Dentro Del Establecimiento;CR 14   19   36 BRR GAITAN Bucaramanga SANTANDER Colombia
Expendio De Bebidas Alcohólicas Para El Consumo Dentro Del Establecimiento;CR 31   33   32 BRR MEJORAS PUBLICAS Bucaramanga SANTANDER Colombia
Expendio De Bebidas Alcohólicas Para El Consumo Dentro Del Establecimiento;CARRERA 10 # 25 - 62 BARRIO GIRARDOT Bucaramanga SANTANDER Colombia
Expendio De Bebidas Alcohólicas Para El Consumo Dentro Del Establecimiento;CALLE 53 # DIAGONAL 15 - 17 BARRIO LA CONCORDIA Bucaramanga SANTANDER Colombia
Actividades De Otros Servicios De Comidas;CARRERA 23 # 20 - 05 BARRIO SAN FRANCISCO Bucaramanga SANTANDER Colombia
Expendio De Bebidas Alcohólicas Para El Consumo Dentro Del Establecimiento;CL 31   21   69 BRR ANTONIA SANTOS Bucaramanga SANTANDER Colombia
Expendio De Bebidas Alcohólicas Para El Consumo Dentro Del Establecimiento;CR 33   37   39 BRR EL PRADO Bucaramanga SANTANDER Colombia
Expendio De Bebidas Alcohólicas Para El Consumo Dentro Del Establecimiento;CALLE 36 # 25 - 53 - 51 Bucaramanga SANTANDER Colombia
Expendio De Bebidas Alcohólicas Para El Consumo Dentro Del Establecimiento;AVENIDA QUEBRADA SECA # 16 - 72 BARRIO CENTRO Bucaramanga SANTANDER Colombia
Expendio De Bebidas Alcohólicas Para El Consumo Dentro Del Establecimiento;CALLE 64 B CASA 81 BARRIO CIUDAD BOLIVAR Bucaramanga SANTANDER Colombia
Expendio De Bebidas Alcohólicas Para El Consumo Dentro Del Establecimiento;CARRERA 25 # 105 - 18 BARRIO PROVENZA Bucaramanga SANTANDER Colombia
Expendio De Bebidas Alcohólicas Para El Consumo Dentro Del Establecimiento;CARRERA 14 # 1 A - 04 Bucaramanga SANTANDER Colombia
Expendio De Bebidas Alcohólicas Para El Consumo Dentro Del Establecimiento;CALLE 37 # 15 - 20 PISO 2 BARRIO CENTRO Bucaramanga SANTANDER Colombia
Expendio De Bebidas Alcohólicas Para El Consumo Dentro Del Establecimiento;CL 33   15   34 LC 30  PLAZA CENTRAL Bucaramanga SANTANDER Colombia
Expendio De Bebidas Alcohólicas Para El Consumo Dentro Del Establecimiento;CARRERA 35 # 48 - 13 Bucaramanga SANTANDER Colombia
Expendio De Bebidas Alcohólicas Para El Consumo Dentro Del Establecimiento;CR 36 48 - 58 Bucaramanga SANTANDER Colombia
Expendio De Bebidas Alcohólicas Para El Consumo Dentro Del Establecimiento;CARRERA 29 # 41 - 04 BARRIO MEJORAS PUBLICAS Bucaramanga SANTANDER Colombia
Actividades De Otros Servicios De Comidas;CARRERA 30 # 32 - 55 Bucaramanga SANTANDER Colombia
Expendio De Bebidas Alcohólicas Para El Consumo Dentro Del Establecimiento;DIAG. 105 NO. 105 - 16 DIAMANTE I Bucaramanga SANTANDER Colombia
Actividades De Otros Servicios De Comidas;CARRERA 16 # 51 A - 05 LOCAL 4 BARRIO SAN MIGUEL Bucaramanga SANTANDER Colombia
Expendio De Bebidas Alcohólicas Para El Consumo Dentro Del Establecimiento;CR 12 NO. 29-33 B. GARCIA ROVIRA Bucaramanga SANTANDER Colombia
Expendio De Bebidas Alcohólicas Para El Consumo Dentro Del Establecimiento;CARRERA 12 # 14 N - 114 - 122 BARRIO KENNEDY Bucaramanga SANTANDER Colombia
Expendio De Bebidas Alcohólicas Para El Consumo Dentro Del Establecimiento;CARRERA 27 # 63 - 07 PISO 1 Bucaramanga SANTANDER Colombia
Actividades De Otros Servicios De Comidas;CARRERA 21 # 34 - 46 Bucaramanga SANTANDER Colombia
Expendio De Bebidas Alcohólicas Para El Consumo Dentro Del Establecimiento;CR 22   111   19 Bucaramanga SANTANDER Colombia
Expendio De Bebidas Alcohólicas Para El Consumo Dentro Del Establecimiento;CR 4 A KM 4 VIA LA CEMENTO BRR CAFE MADRID CA 4 Bucaramanga SANTANDER Colombia
Expendio De Bebidas Alcohólicas Para El Consumo Dentro Del Establecimiento;CARRERA 35 # 48 - 29 BARRIO CABECERA DEL LLANO Bucaramanga SANTANDER Colombia
Expendio De Bebidas Alcohólicas Para El Consumo Dentro Del Establecimiento;CARRERA 31 # 33 - 49 - 53 BARRIO MEJORAS PUBLICAS Bucaramanga SANTANDER Colombia
Expendio De Bebidas Alcohólicas Para El Consumo Dentro Del Establecimiento;CARRERA 35 # 48 - 55 BARRIO CABECERA Bucaramanga SANTANDER Colombia
Expendio De Bebidas Alcohólicas Para El Consumo Dentro Del Establecimiento;CARRERA 2 W - 58 - 37 BARRIO MUTIS Bucaramanga SANTANDER Colombia
Expendio De Bebidas Alcohólicas Para El Consumo Dentro Del Establecimiento;DIAGONAL 15 # 45 - 230 LOCAL 12 EXTERIOR CENTRO COMERCIAL LA ROSITA Bucaramanga SANTANDER Colombia
Expendio De Bebidas Alcohólicas Para El Consumo Dentro Del Establecimiento;CARRERA 17 C # 56 - 41 Bucaramanga SANTANDER Colombia
Expendio De Bebidas Alcohólicas Para El Consumo Dentro Del Establecimiento;CR 16   17   75 Bucaramanga SANTANDER Colombia
Actividades De Otros Servicios De Comidas;CARRERA 33 W # 71 - 61 BARRIO PROVINCIA DE SOTO I BODEGA 39 - 40 Bucaramanga SANTANDER Colombia
Expendio De Bebidas Alcohólicas Para El Consumo Dentro Del Establecimiento;CALLE 28 # 1 - 40 Bucaramanga SANTANDER Colombia
Expendio De Bebidas Alcohólicas Para El Consumo Dentro Del Establecimiento;CL 52   34   36 Bucaramanga SANTANDER Colombia
Expendio De Bebidas Alcohólicas Para El Consumo Dentro Del Establecimiento;CL 28   15   73 Bucaramanga SANTANDER Colombia
Expendio De Bebidas Alcohólicas Para El Consumo Dentro Del Establecimiento;CR 10   44   06  BRR GARCIA ROVIRA Bucaramanga SANTANDER Colombia
Expendio De Bebidas Alcohólicas Para El Consumo Dentro Del Establecimiento;CR 31   33   18 Bucaramanga SANTANDER Colombia
Expendio De Bebidas Alcohólicas Para El Consumo Dentro Del Establecimiento;CARRERA 18 # 23 - 18 Bucaramanga SANTANDER Colombia
Actividades De Otros Servicios De Comidas;CARRERA 26 # 48 - 69 Bucaramanga SANTANDER Colombia
Expendio De Bebidas Alcohólicas Para El Consumo Dentro Del Establecimiento;CR 27   10   14 Bucaramanga SANTANDER Colombia
Expendio De Bebidas Alcohólicas Para El Consumo Dentro Del Establecimiento;CARRERA 18 # 51 - 195 BARRIO LA CONCORDIA Bucaramanga SANTANDER Colombia
Expendio De Bebidas Alcohólicas Para El Consumo Dentro Del Establecimiento;CRA 27 NO. 13 - 06 BARRIO UNIVERSIDAD Bucaramanga SANTANDER Colombia
Expendio De Bebidas Alcohólicas Para El Consumo Dentro Del Establecimiento;CARRERA 31 # 33 - 94 Bucaramanga SANTANDER Colombia
Expendio De Bebidas Alcohólicas Para El Consumo Dentro Del Establecimiento;CALLE 26 # 12 - 75 Bucaramanga SANTANDER Colombia
Expendio De Bebidas Alcohólicas Para El Consumo Dentro Del Establecimiento;CL 59   18     95 Bucaramanga SANTANDER Colombia
Actividades De Otros Servicios De Comidas;CR 23   20   73 Bucaramanga SANTANDER Colombia
Expendio De Bebidas Alcohólicas Para El Consumo Dentro Del Establecimiento;CARRERA 1 # 140 BARRIO REGADERO Bucaramanga SANTANDER Colombia
Expendio De Bebidas Alcohólicas Para El Consumo Dentro Del Establecimiento;CARRERA 16 # 33 - 24 CENTRO METROPOLITANO DE MERCADEO LOCAL 35 Bucaramanga SANTANDER Colombia
Expendio De Bebidas Alcohólicas Para El Consumo Dentro Del Establecimiento;CARRERA 31 # 33 - 28 BARRIO LA AURORA Bucaramanga SANTANDER Colombia
Expendio De Bebidas Alcohólicas Para El Consumo Dentro Del Establecimiento;CARRERA 34 # 48 - 87 Bucaramanga SANTANDER Colombia
Expendio De Bebidas Alcohólicas Para El Consumo Dentro Del Establecimiento;CALLE 45 # 17 - 06 Bucaramanga SANTANDER Colombia
Expendio De Bebidas Alcohólicas Para El Consumo Dentro Del Establecimiento;CARRERA 31 # 33 - 05 Bucaramanga SANTANDER Colombia
Expendio De Bebidas Alcohólicas Para El Consumo Dentro Del Establecimiento;CL 34   11   19 Bucaramanga SANTANDER Colombia
Expendio De Bebidas Alcohólicas Para El Consumo Dentro Del Establecimiento;CARRERA 20 F # 40 N - 17 BARRIO PORTAL DE LOS ANGELES Bucaramanga SANTANDER Colombia
Actividades De Otros Servicios De Comidas;CARRERA 28 A # 67 - 55 BARRIO LA SALLE Bucaramanga SANTANDER Colombia
Expendio De Bebidas Alcohólicas Para El Consumo Dentro Del Establecimiento;CARRERA 21 # 20 - 78 BARRIO ALARCON Bucaramanga SANTANDER Colombia
Expendio De Bebidas Alcohólicas Para El Consumo Dentro Del Establecimiento;CARRERA 27 # 10 - 04 BARRIO UNIVERSIDAD Bucaramanga SANTANDER Colombia
Expendio De Bebidas Alcohólicas Para El Consumo Dentro Del Establecimiento;CL 102   6   76 BRR EL PORVENIR Bucaramanga SANTANDER Colombia
Expendio De Bebidas Alcohólicas Para El Consumo Dentro Del Establecimiento;CARRERA 17 # 59 - 12 BARRIO RICAURTE Bucaramanga SANTANDER Colombia
Expendio De Bebidas Alcohólicas Para El Consumo Dentro Del Establecimiento;CARRERA 29 # 47 - 82 Bucaramanga SANTANDER Colombia
Expendio De Bebidas Alcohólicas Para El Consumo Dentro Del Establecimiento;CR 33   34   54 BRR EL PRADO Bucaramanga SANTANDER Colombia
Expendio De Bebidas Alcohólicas Para El Consumo Dentro Del Establecimiento;CL 48   33   24 Bucaramanga SANTANDER Colombia
Expendio De Bebidas Alcohólicas Para El Consumo Dentro Del Establecimiento;VIA CAFE MADRID LA CEMENTO BRR CAFE MADRID Bucaramanga SANTANDER Colombia
Expendio De Bebidas Alcohólicas Para El Consumo Dentro Del Establecimiento;CARRERA 35 # 48 - 56 LOCAL 1 Bucaramanga SANTANDER Colombia
Expendio De Bebidas Alcohólicas Para El Consumo Dentro Del Establecimiento;CARRERA 33 # 35 - 02 BARRIO EL PRADO Bucaramanga SANTANDER Colombia
Expendio De Bebidas Alcohólicas Para El Consumo Dentro Del Establecimiento;CALLE 26 # 11 - 05 Bucaramanga SANTANDER Colombia
Expendio De Bebidas Alcohólicas Para El Consumo Dentro Del Establecimiento;CALLE 12 # 21 - 51 BARRIO SAN FRANCISCO Bucaramanga SANTANDER Colombia
Expendio De Bebidas Alcohólicas Para El Consumo Dentro Del Establecimiento;CALLE 34 # 32 - 09 BARRIO LA AURORA Bucaramanga SANTANDER Colombia
Expendio De Bebidas Alcohólicas Para El Consumo Dentro Del Establecimiento;CALLE 55 # 17 - 39 Bucaramanga SANTANDER Colombia
Expendio De Bebidas Alcohólicas Para El Consumo Dentro Del Establecimiento;CR 8 A   35 A N   02 BRR CAFE MADRID Bucaramanga SANTANDER Colombia
Expendio De Bebidas Alcohólicas Para El Consumo Dentro Del Establecimiento;CR 35   51   128 Bucaramanga SANTANDER Colombia
Actividades De Otros Servicios De Comidas;CALLE 62 # 2 A W - 46 BARRIO MUTIS Bucaramanga SANTANDER Colombia
Expendio De Bebidas Alcohólicas Para El Consumo Dentro Del Establecimiento;CALLE 7 # 21 - 75 BARRIO COMUNEROS Bucaramanga SANTANDER Colombia
Expendio De Bebidas Alcohólicas Para El Consumo Dentro Del Establecimiento;CARRERA 13 # 28 - 15 BARRIO GIRARDOT Bucaramanga SANTANDER Colombia
Expendio De Bebidas Alcohólicas Para El Consumo Dentro Del Establecimiento;CR 21   13   71 BRR SAN FRANCISCO Bucaramanga SANTANDER Colombia
Expendio De Bebidas Alcohólicas Para El Consumo Dentro Del Establecimiento;CARRERA 13 # 20 - 13 Bucaramanga SANTANDER Colombia
Expendio De Bebidas Alcohólicas Para El Consumo Dentro Del Establecimiento;CARRERA 17 # 52 - 34 Bucaramanga SANTANDER Colombia
Expendio De Bebidas Alcohólicas Para El Consumo Dentro Del Establecimiento;CARRERA 31 # 33 - 25 Bucaramanga SANTANDER Colombia
Expendio De Bebidas Alcohólicas Para El Consumo Dentro Del Establecimiento;CL 31   11   08 Bucaramanga SANTANDER Colombia
Expendio De Bebidas Alcohólicas Para El Consumo Dentro Del Establecimiento;KILOMETRO 2 VIA CAFÉ MADRID Bucaramanga SANTANDER Colombia
Expendio De Bebidas Alcohólicas Para El Consumo Dentro Del Establecimiento;CARRERA 27 # 58 - 56 BARRIO PUERTA DEL SOL Bucaramanga SANTANDER Colombia
Expendio De Bebidas Alcohólicas Para El Consumo Dentro Del Establecimiento;CALLE 52 # 34 - 27 CABECERA DEL LLANO Bucaramanga SANTANDER Colombia
Expendio De Bebidas Alcohólicas Para El Consumo Dentro Del Establecimiento;CALLE 14 # 23 - 71 LOCAL Bucaramanga SANTANDER Colombia
Expendio De Bebidas Alcohólicas Para El Consumo Dentro Del Establecimiento;CALLE 52 # 35 - 34 Bucaramanga SANTANDER Colombia
Expendio De Bebidas Alcohólicas Para El Consumo Dentro Del Establecimiento;CALLE 12 N # 20 - 05 MANZANA 18 BARRIO VILLA ROSA Bucaramanga SANTANDER Colombia
Expendio De Bebidas Alcohólicas Para El Consumo Dentro Del Establecimiento;CARRERA 15 # 104 E - 32 Bucaramanga SANTANDER Colombia
Actividades De Otros Servicios De Comidas;CR 33 A   29   15 LC 243 CC MEGAMALL Bucaramanga SANTANDER Colombia
Expendio De Bebidas Alcohólicas Para El Consumo Dentro Del Establecimiento;CARRERA 35 # 52 - 08 Bucaramanga SANTANDER Colombia
Expendio De Bebidas Alcohólicas Para El Consumo Dentro Del Establecimiento;CL 16 N   12   34 BRR KENNEDY Bucaramanga SANTANDER Colombia
Actividades De Otros Servicios De Comidas;CARRERA 23 # 48 - 41 EDIFICIO IRAZU APARTAMENTO 1402 BARRIO NUEVO SOTOMAYOR Bucaramanga SANTANDER Colombia
Expendio De Bebidas Alcohólicas Para El Consumo Dentro Del Establecimiento;CALLE 51 # 35 A - 40 LOCAL 101 Bucaramanga SANTANDER Colombia
Expendio De Bebidas Alcohólicas Para El Consumo Dentro Del Establecimiento;VDA EL PEDREGAL CASA 219 Bucaramanga SANTANDER Colombia
Expendio De Bebidas Alcohólicas Para El Consumo Dentro Del Establecimiento;CARRERA 28 # 52 N - 04 BARRIO CAMPESTRE NORTE COLORADOS Bucaramanga SANTANDER Colombia
Expendio De Bebidas Alcohólicas Para El Consumo Dentro Del Establecimiento;AUT KM 4   24   82 BRR VILLA ROSA Bucaramanga SANTANDER Colombia
Expendio De Bebidas Alcohólicas Para El Consumo Dentro Del Establecimiento;CARRERA 32 # 48 - 42 BARRIO SOTOMAYOR Bucaramanga SANTANDER Colombia
Expendio De Bebidas Alcohólicas Para El Consumo Dentro Del Establecimiento;CARRERA 35 # 48 - 21 Bucaramanga SANTANDER Colombia
Expendio De Bebidas Alcohólicas Para El Consumo Dentro Del Establecimiento;DIAGONAL 15 # 45 - 136 LOCAL 1 E CENTRO COMERCIAL LA ROSITA Bucaramanga SANTANDER Colombia
Expendio De Bebidas Alcohólicas Para El Consumo Dentro Del Establecimiento;CARRERA 16 # 20 - 63 Bucaramanga SANTANDER Colombia
Expendio De Bebidas Alcohólicas Para El Consumo Dentro Del Establecimiento;CARRERA 8 # 43 - 06 BARRIO ALFONSO LOPEZ Bucaramanga SANTANDER Colombia
Expendio De Bebidas Alcohólicas Para El Consumo Dentro Del Establecimiento;CR 12   14   96  BRR KENNEDY Bucaramanga SANTANDER Colombia
Expendio De Bebidas Alcohólicas Para El Consumo Dentro Del Establecimiento;CALLE 48 # 34 - 22 Bucaramanga SANTANDER Colombia
Expendio De Bebidas Alcohólicas Para El Consumo Dentro Del Establecimiento;CARRERA 33 # 37 - 50 Bucaramanga SANTANDER Colombia
Expendio De Bebidas Alcohólicas Para El Consumo Dentro Del Establecimiento;Carrera 35 # 48 -  106 Bucaramanga SANTANDER Colombia
Expendio De Bebidas Alcohólicas Para El Consumo Dentro Del Establecimiento;Kilómetro 8 Vía AL MAR Finca VILLA LUZ   Manzana B CAA 1 Local Barrio VILLA LUZ CAMPESTRE Bucaramanga SANTANDER Colombia
Expendio De Bebidas Alcohólicas Para El Consumo Dentro Del Establecimiento;Calle 22 # 13 -  59 Local 7 Barrio GAITAN Bucaramanga SANTANDER Colombia
Expendio De Bebidas Alcohólicas Para El Consumo Dentro Del Establecimiento;Carrera 33 # 96 -  27 Local 1 LA PEDREGOZA Bucaramanga SANTANDER Colombia
Expendio De Bebidas Alcohólicas Para El Consumo Dentro Del Establecimiento;CL 48 # 34 - 20 BRR CABECERA Bucaramanga SANTANDER Colombia
Expendio De Bebidas Alcohólicas Para El Consumo Dentro Del Establecimiento;Calle 55 # 18 -  03 Bucaramanga SANTANDER Colombia
Expendio De Bebidas Alcohólicas Para El Consumo Dentro Del Establecimiento;Carrera 16 # 31 -  53 Barrio CENTRO Bucaramanga SANTANDER Colombia
Expendio De Bebidas Alcohólicas Para El Consumo Dentro Del Establecimiento;Carrera 34 # 48 -  40 Bucaramanga SANTANDER Colombia
Expendio De Bebidas Alcohólicas Para El Consumo Dentro Del Establecimiento;Calle 99 # 14 -  03 Bucaramanga SANTANDER Colombia
Expendio De Bebidas Alcohólicas Para El Consumo Dentro Del Establecimiento;Calle 55 # 18 -  19 Bucaramanga SANTANDER Colombia
Expendio De Bebidas Alcohólicas Para El Consumo Dentro Del Establecimiento;Carrera 16 # 8 -  07 Barrio COMUNEROS Bucaramanga SANTANDER Colombia
Expendio De Bebidas Alcohólicas Para El Consumo Dentro Del Establecimiento;Carrera 36 # 48 -  82 Barrio CABECERA DEL LLANO Bucaramanga SANTANDER Colombia
Expendio De Bebidas Alcohólicas Para El Consumo Dentro Del Establecimiento;Sector 5 DE ENERO Casa 21 -  24 Bucaramanga SANTANDER Colombia
Expendio De Bebidas Alcohólicas Para El Consumo Dentro Del Establecimiento;Barrio JOSE ANTONIO GALAN  Calle 1 Casa 398 Bucaramanga SANTANDER Colombia
Expendio De Bebidas Alcohólicas Para El Consumo Dentro Del Establecimiento;Carrera 16 # 16 -  09 Bucaramanga SANTANDER Colombia
Expendio De Bebidas Alcohólicas Para El Consumo Dentro Del Establecimiento;Carrera 13 # 24 -  21 Bucaramanga SANTANDER Colombia
Expendio De Bebidas Alcohólicas Para El Consumo Dentro Del Establecimiento;Centro comercial SANANDRESITO LA ISLA Local 704 -  706 Piso 1 Bucaramanga SANTANDER Colombia
Expendio De Bebidas Alcohólicas Para El Consumo Dentro Del Establecimiento;Carrera 33 # 34 -  50 Barrio MEJORAS PUBLICAS Bucaramanga SANTANDER Colombia
Expendio De Bebidas Alcohólicas Para El Consumo Dentro Del Establecimiento;Carrera 24 # 33 -  39 Barrio ANTONIA SANTOS Bucaramanga SANTANDER Colombia
Expendio De Bebidas Alcohólicas Para El Consumo Dentro Del Establecimiento;Carrera 36 # 42 -  42 Bucaramanga SANTANDER Colombia
Expendio De Bebidas Alcohólicas Para El Consumo Dentro Del Establecimiento;Carrera 36 # 48 -  84 Bucaramanga SANTANDER Colombia
Expendio De Bebidas Alcohólicas Para El Consumo Dentro Del Establecimiento;Carrera 19 # 19 -  61 Local 2 Bucaramanga SANTANDER Colombia
Expendio De Bebidas Alcohólicas Para El Consumo Dentro Del Establecimiento;Calle 48 # 35 -  06 Bucaramanga SANTANDER Colombia
Expendio De Bebidas Alcohólicas Para El Consumo Dentro Del Establecimiento;CALLE 70 # 20 W - 43 BARRIO EL BUENO Bucaramanga SANTANDER Colombia
Expendio De Bebidas Alcohólicas Para El Consumo Dentro Del Establecimiento;CARRERA 34 # 48 - 53 LOCAL 1 BARRIO CABECERA Bucaramanga SANTANDER Colombia
Expendio De Bebidas Alcohólicas Para El Consumo Dentro Del Establecimiento;Vereda SANTOS BAJOS Kilómetro 4 Vía MATANZA Bucaramanga SANTANDER Colombia
Expendio De Bebidas Alcohólicas Para El Consumo Dentro Del Establecimiento;Avenida EDUARDO SANTOS # 28 -  141 Piso 2 Bucaramanga SANTANDER Colombia
Expendio De Bebidas Alcohólicas Para El Consumo Dentro Del Establecimiento;Carrera 6 # 30 -  59 Barrio GIRARDOT Bucaramanga SANTANDER Colombia
Expendio De Bebidas Alcohólicas Para El Consumo Dentro Del Establecimiento;Calle 28 # 1 -  131 Barrio NAPOLES Bucaramanga SANTANDER Colombia
Expendio De Bebidas Alcohólicas Para El Consumo Dentro Del Establecimiento;Calle 56 # 9 -  140 CENTRO COMERCIAL ACROPOLIS Bucaramanga SANTANDER Colombia
Expendio De Bebidas Alcohólicas Para El Consumo Dentro Del Establecimiento;Carrera 16 # 14 -  72 Bucaramanga SANTANDER Colombia
Expendio De Bebidas Alcohólicas Para El Consumo Dentro Del Establecimiento;Calle 10NC # 5 Occidente 03 Barrio VILLAS DE SAN IGNACIO BABARIA II Bucaramanga SANTANDER Colombia
Expendio De Bebidas Alcohólicas Para El Consumo Dentro Del Establecimiento;Carrera 15 # 21 -  19 Barrio SAN FRANCISCO PARTE BAJA Bucaramanga SANTANDER Colombia
Expendio De Bebidas Alcohólicas Para El Consumo Dentro Del Establecimiento;Calle 3 # 25 -  36 Bucaramanga SANTANDER Colombia
Expendio De Bebidas Alcohólicas Para El Consumo Dentro Del Establecimiento;CARRERA 16 # 16 - 63 BARRIO SAN FRANCISCO Bucaramanga SANTANDER Colombia
Expendio De Bebidas Alcohólicas Para El Consumo Dentro Del Establecimiento;CALLE 14 # 21 - 09 BARRIO SAN FRANCISCO Bucaramanga SANTANDER Colombia
Actividades De Otros Servicios De Comidas;Calle 35 # 18 -  65 Oficina 121 Centro comercial ROSEDAL Bucaramanga SANTANDER Colombia
Actividades De Otros Servicios De Comidas;CALLE 70 # 10 A - 13 PISO 2 Bucaramanga SANTANDER Colombia
Expendio De Bebidas Alcohólicas Para El Consumo Dentro Del Establecimiento;Calle 33 # 32 -  76 Bucaramanga SANTANDER Colombia
Expendio De Bebidas Alcohólicas Para El Consumo Dentro Del Establecimiento;Calle 33 # 32 -  76 Bucaramanga SANTANDER Colombia
Expendio De Bebidas Alcohólicas Para El Consumo Dentro Del Establecimiento;Carrera 35 # 51 -  128 Bucaramanga SANTANDER Colombia
Expendio De Bebidas Alcohólicas Para El Consumo Dentro Del Establecimiento;Calle 6 # 15A -  53 Bucaramanga SANTANDER Colombia
Expendio De Bebidas Alcohólicas Para El Consumo Dentro Del Establecimiento;Bodega 12 Módulo 27 Barrio CHINITA CENTRO ABASTOS Bucaramanga SANTANDER Colombia
Expendio De Bebidas Alcohólicas Para El Consumo Dentro Del Establecimiento;Calle 104E # 10 -  01 Bucaramanga SANTANDER Colombia
Expendio De Bebidas Alcohólicas Para El Consumo Dentro Del Establecimiento;Manzana K Lote 11 Casa 14 Bucaramanga SANTANDER Colombia
Expendio De Bebidas Alcohólicas Para El Consumo Dentro Del Establecimiento;Calle 53 # 17B -  04 Bucaramanga SANTANDER Colombia
Expendio De Bebidas Alcohólicas Para El Consumo Dentro Del Establecimiento;Carrera 1A PEATONAL 15 Casa 20 Sector LOS CUADROS Bucaramanga SANTANDER Colombia
Expendio De Bebidas Alcohólicas Para El Consumo Dentro Del Establecimiento;Carrera 33 # 34 -  52 Local 1 Barrio MEJORAS PUBLICAS Bucaramanga SANTANDER Colombia
Expendio De Bebidas Alcohólicas Para El Consumo Dentro Del Establecimiento;Calle 3 # 23C -  29 Barrio TRANSICION SECTOR 5 Norte Bucaramanga SANTANDER Colombia
Expendio De Bebidas Alcohólicas Para El Consumo Dentro Del Establecimiento;Carrera 33 # 34 -  34 Piso 2 Barrio EL PRADO Bucaramanga SANTANDER Colombia
Expendio De Bebidas Alcohólicas Para El Consumo Dentro Del Establecimiento;Vereda SAN IGNACIO PARCELA CENTRAL D # 666 Finca EL NOGAL Bucaramanga SANTANDER Colombia
Expendio De Bebidas Alcohólicas Para El Consumo Dentro Del Establecimiento;CALLE 21 # 16 - 49 Bucaramanga SANTANDER Colombia
Expendio De Bebidas Alcohólicas Para El Consumo Dentro Del Establecimiento;Calle 5 # 5 -  20 Bucaramanga SANTANDER Colombia
Expendio De Bebidas Alcohólicas Para El Consumo Dentro Del Establecimiento;Carrera 16 # 15 -  07 Local Bucaramanga SANTANDER Colombia
Expendio De Bebidas Alcohólicas Para El Consumo Dentro Del Establecimiento;CARRERA 16 # 24 - 66 BARRIO ALARCON Bucaramanga SANTANDER Colombia
Expendio De Bebidas Alcohólicas Para El Consumo Dentro Del Establecimiento;CL 10     27   10 Bucaramanga SANTANDER Colombia
Expendio De Bebidas Alcohólicas Para El Consumo Dentro Del Establecimiento;Calle 29 # 12 -  25 Bucaramanga SANTANDER Colombia
Expendio De Bebidas Alcohólicas Para El Consumo Dentro Del Establecimiento;Calle 69 # 7B # 158 Bucaramanga SANTANDER Colombia
Actividades De Otros Servicios De Comidas;KILOMETRO 24 VIA AL MAR VEREDA PORTACHUELO Bucaramanga SANTANDER Colombia
Expendio De Bebidas Alcohólicas Para El Consumo Dentro Del Establecimiento;Calle 17 # 10 -  75 Bucaramanga SANTANDER Colombia
Expendio De Bebidas Alcohólicas Para El Consumo Dentro Del Establecimiento;Calle 45 # 14 -  67 Bucaramanga SANTANDER Colombia
Expendio De Bebidas Alcohólicas Para El Consumo Dentro Del Establecimiento;Calle 58 # 17C -  13 Barrio RICAURTE Bucaramanga SANTANDER Colombia
Expendio De Bebidas Alcohólicas Para El Consumo Dentro Del Establecimiento;Carrera 17 # 18 -  53 Bucaramanga SANTANDER Colombia
Expendio De Bebidas Alcohólicas Para El Consumo Dentro Del Establecimiento;Carrera 11 # 29N -  02 Barrio LAS HAMACAS Bucaramanga SANTANDER Colombia
Expendio De Bebidas Alcohólicas Para El Consumo Dentro Del Establecimiento;Calle 48 # 35 -  24 Bucaramanga SANTANDER Colombia
Expendio De Bebidas Alcohólicas Para El Consumo Dentro Del Establecimiento;Carrera 9 # 41 -  54 Barrio ALFONSO LÓPEZ Bucaramanga SANTANDER Colombia
Expendio De Bebidas Alcohólicas Para El Consumo Dentro Del Establecimiento;Carrera 27 # 11 -  20 Local 11 -  22 Bucaramanga SANTANDER Colombia
Expendio De Bebidas Alcohólicas Para El Consumo Dentro Del Establecimiento;Carrera 5 # 4 -  58 Bucaramanga SANTANDER Colombia
Expendio De Bebidas Alcohólicas Para El Consumo Dentro Del Establecimiento;Carrera 35A # 48 -  52 Bucaramanga SANTANDER Colombia
Expendio De Bebidas Alcohólicas Para El Consumo Dentro Del Establecimiento;CR 10 Sector D PEATONAL 2 Casa 25  Barrio BETANIA ETAPA 9 Bucaramanga SANTANDER Colombia
Expendio De Bebidas Alcohólicas Para El Consumo Dentro Del Establecimiento;Calle 54 # 18 -  86 Bucaramanga SANTANDER Colombia
Expendio De Bebidas Alcohólicas Para El Consumo Dentro Del Establecimiento;Carrera 16 # 112 -  03 Piso 3 Barrio VILLAS DEL NOGAL Bucaramanga SANTANDER Colombia
Expendio De Bebidas Alcohólicas Para El Consumo Dentro Del Establecimiento;Carrera 17A # 56 -  72 Bucaramanga SANTANDER Colombia
Expendio De Bebidas Alcohólicas Para El Consumo Dentro Del Establecimiento;Calle 33 # 31 -  26 Piso 2 Barrio LA AURORA Bucaramanga SANTANDER Colombia
Expendio De Bebidas Alcohólicas Para El Consumo Dentro Del Establecimiento;Vereda 10 DE MAYO SANTA BARBARA Casa 15 Bucaramanga SANTANDER Colombia
Actividades De Otros Servicios De Comidas;CL 45   27   71 BRR SOTOMAYOR Bucaramanga SANTANDER Colombia
Expendio De Bebidas Alcohólicas Para El Consumo Dentro Del Establecimiento;CARRERA 15 # 41 - 74 LOCAL 4 BARRIO CENTRO Bucaramanga SANTANDER Colombia
Expendio De Bebidas Alcohólicas Para El Consumo Dentro Del Establecimiento;Carrera 22 # 109A -  06 Barrio PROVENZA Bucaramanga SANTANDER Colombia
Expendio De Bebidas Alcohólicas Para El Consumo Dentro Del Establecimiento;Carrera 13 # 20 -  13 Barrio GAITAN Bucaramanga SANTANDER Colombia
Expendio De Bebidas Alcohólicas Para El Consumo Dentro Del Establecimiento;Carrera 18 # 53 -  23 Barrio LA CONCORDIA Bucaramanga SANTANDER Colombia
Expendio De Bebidas Alcohólicas Para El Consumo Dentro Del Establecimiento;Calle 105 # 26 -  99 Barrio PROVENZA Bucaramanga SANTANDER Colombia
Expendio De Bebidas Alcohólicas Para El Consumo Dentro Del Establecimiento;Carrera 28 # 47 -  18 Barrio LOS COLORADOS Bucaramanga SANTANDER Colombia
Expendio De Bebidas Alcohólicas Para El Consumo Dentro Del Establecimiento;Calle 36 # 12 -  13 Barrio GARCIA ROVIRA Bucaramanga SANTANDER Colombia
Expendio De Bebidas Alcohólicas Para El Consumo Dentro Del Establecimiento;Carrera 17 # 55 -  81 Barrio RICAURTE Bucaramanga SANTANDER Colombia
Expendio De Bebidas Alcohólicas Para El Consumo Dentro Del Establecimiento;Carrera 17 # 53 -  88 Bucaramanga SANTANDER Colombia
Expendio De Bebidas Alcohólicas Para El Consumo Dentro Del Establecimiento;Carrera 34 # 48-71 BARRIO CABECERA Bucaramanga SANTANDER Colombia
Expendio De Bebidas Alcohólicas Para El Consumo Dentro Del Establecimiento;Carrera 22 # 109A -  6 Bucaramanga SANTANDER Colombia
Expendio De Bebidas Alcohólicas Para El Consumo Dentro Del Establecimiento;CARRERA 17 A # 56 -  02 Local 1 Bucaramanga SANTANDER Colombia
Expendio De Bebidas Alcohólicas Para El Consumo Dentro Del Establecimiento;Carrera 6A # 65A -  36B Barrio CANELOS Bucaramanga SANTANDER Colombia
Expendio De Bebidas Alcohólicas Para El Consumo Dentro Del Establecimiento;Carrera 17 # 36 -  69 Piso 2 Bucaramanga SANTANDER Colombia
Expendio De Bebidas Alcohólicas Para El Consumo Dentro Del Establecimiento;Carrera 62A # 17 -  27 Bucaramanga SANTANDER Colombia
Expendio De Bebidas Alcohólicas Para El Consumo Dentro Del Establecimiento;Carrera 21 # 55 -  35 Bucaramanga SANTANDER Colombia
Expendio De Bebidas Alcohólicas Para El Consumo Dentro Del Establecimiento;Calle 13 # 15 -  75 Bucaramanga SANTANDER Colombia
Expendio De Bebidas Alcohólicas Para El Consumo Dentro Del Establecimiento;Calle 10 # 22 -  21 Bucaramanga SANTANDER Colombia
Expendio De Bebidas Alcohólicas Para El Consumo Dentro Del Establecimiento;Calle 36 # 12 OCCIDENTE 34 Bucaramanga SANTANDER Colombia
Expendio De Bebidas Alcohólicas Para El Consumo Dentro Del Establecimiento;Calle 45 # 14A -  40 Bucaramanga SANTANDER Colombia
Expendio De Bebidas Alcohólicas Para El Consumo Dentro Del Establecimiento;Calle 21 # 13 -  27 Barrio GRANADA Bucaramanga SANTANDER Colombia
Expendio De Bebidas Alcohólicas Para El Consumo Dentro Del Establecimiento;CALLE 195 # 27 - 236 Bucaramanga SANTANDER Colombia
Expendio De Bebidas Alcohólicas Para El Consumo Dentro Del Establecimiento;Centro comercial LA ISLA Piso 1 Local D100 Bucaramanga SANTANDER Colombia
Expendio De Bebidas Alcohólicas Para El Consumo Dentro Del Establecimiento;Carrera 18 # 21 -  50 Bucaramanga SANTANDER Colombia
Expendio De Bebidas Alcohólicas Para El Consumo Dentro Del Establecimiento;Carrera 15 # 37 -  45 Piso 2 Bucaramanga SANTANDER Colombia
Expendio De Bebidas Alcohólicas Para El Consumo Dentro Del Establecimiento;Carrera 17 # 24 - 21 BARRIO ALARCON Bucaramanga SANTANDER Colombia
Expendio De Bebidas Alcohólicas Para El Consumo Dentro Del Establecimiento;Calle 45 # 14A -  44 Bucaramanga SANTANDER Colombia
Expendio De Bebidas Alcohólicas Para El Consumo Dentro Del Establecimiento;Carrera 12 # 22 -  30N Barrio KENNEDY Bucaramanga SANTANDER Colombia
Expendio De Bebidas Alcohólicas Para El Consumo Dentro Del Establecimiento;Carrera 25 # 7 -  02 Barrio LA UNIVERSIDAD Bucaramanga SANTANDER Colombia
Expendio De Bebidas Alcohólicas Para El Consumo Dentro Del Establecimiento;CR. 3 NO. 63-31 NARANJOS Bucaramanga SANTANDER Colombia
Expendio De Bebidas Alcohólicas Para El Consumo Dentro Del Establecimiento;Vía PALENQUE CAFÉ MADRID # 44 -  96 Bodega 14 Local 8C Bucaramanga SANTANDER Colombia
Expendio De Bebidas Alcohólicas Para El Consumo Dentro Del Establecimiento;Carretera RIONEGRO 24N -  109 Bucaramanga SANTANDER Colombia
Expendio De Bebidas Alcohólicas Para El Consumo Dentro Del Establecimiento;Calle 56 # 17 -  23 Piso 2 Bucaramanga SANTANDER Colombia
Expendio De Bebidas Alcohólicas Para El Consumo Dentro Del Establecimiento;Avenida QUEBRADA SECA # 13 -  22 Bucaramanga SANTANDER Colombia
Expendio De Bebidas Alcohólicas Para El Consumo Dentro Del Establecimiento;Calle 48 # 35 -  18 Depósito Bucaramanga SANTANDER Colombia
Expendio De Bebidas Alcohólicas Para El Consumo Dentro Del Establecimiento;Sector LA VIRGEN C21A01 NORTE Bucaramanga SANTANDER Colombia
Expendio De Bebidas Alcohólicas Para El Consumo Dentro Del Establecimiento;Carrera 27 # 10 -  78 Local 1 Bucaramanga SANTANDER Colombia
Expendio De Bebidas Alcohólicas Para El Consumo Dentro Del Establecimiento;Calle 24 # 7 -  06 Bucaramanga SANTANDER Colombia
Expendio De Bebidas Alcohólicas Para El Consumo Dentro Del Establecimiento;Calle 16 # 21 -  52 Bucaramanga SANTANDER Colombia
Expendio De Bebidas Alcohólicas Para El Consumo Dentro Del Establecimiento;Calle 52 # 35A -  30 Barrio CABECERA DEL LLANO Bucaramanga SANTANDER Colombia
Expendio De Bebidas Alcohólicas Para El Consumo Dentro Del Establecimiento;AV LA ROSITA 24   89 LC 1 IN 2 Bucaramanga SANTANDER Colombia
Actividades De Otros Servicios De Comidas;CARRERA 23 # 16 - 21 Bucaramanga SANTANDER Colombia
Expendio De Bebidas Alcohólicas Para El Consumo Dentro Del Establecimiento;CL 57   16   60 Bucaramanga SANTANDER Colombia
Expendio De Bebidas Alcohólicas Para El Consumo Dentro Del Establecimiento;Manzana F Carrera 16 # 15C NORTE II Barrio EL PROGRESO Bucaramanga SANTANDER Colombia
Expendio De Bebidas Alcohólicas Para El Consumo Dentro Del Establecimiento;Carrera 17C # 58 -  49 Bucaramanga SANTANDER Colombia
Expendio De Bebidas Alcohólicas Para El Consumo Dentro Del Establecimiento;Vía LA CEMENTO CAFÉ MADRID Local M10 Bucaramanga SANTANDER Colombia
Expendio De Bebidas Alcohólicas Para El Consumo Dentro Del Establecimiento;Calle 15 # 23 -  04 Barrio SAN FRANCISCO Bucaramanga SANTANDER Colombia
Expendio De Bebidas Alcohólicas Para El Consumo Dentro Del Establecimiento;Carrera 17C # 56 -  48 Barrio LA CONCORDIA Bucaramanga SANTANDER Colombia
Expendio De Bebidas Alcohólicas Para El Consumo Dentro Del Establecimiento;Calle 55 # 18 -  15 Bucaramanga SANTANDER Colombia
Expendio De Bebidas Alcohólicas Para El Consumo Dentro Del Establecimiento;Calle 51 # 35A -  34 Local 102 Bucaramanga SANTANDER Colombia
Expendio De Bebidas Alcohólicas Para El Consumo Dentro Del Establecimiento;Carrera 16 # 16 -  53 Bucaramanga SANTANDER Colombia
Expendio De Bebidas Alcohólicas Para El Consumo Dentro Del Establecimiento;Calle 55 # 18 -  31 Barrio LA CONCORDIA Bucaramanga SANTANDER Colombia
Expendio De Bebidas Alcohólicas Para El Consumo Dentro Del Establecimiento;Calle 31 # 15 -  67 Bucaramanga SANTANDER Colombia
Expendio De Bebidas Alcohólicas Para El Consumo Dentro Del Establecimiento;Carrera 3 # 63 -  31 Bucaramanga SANTANDER Colombia
Expendio De Bebidas Alcohólicas Para El Consumo Dentro Del Establecimiento;Calle 52 # 35 -  34 Bucaramanga SANTANDER Colombia
Expendio De Bebidas Alcohólicas Para El Consumo Dentro Del Establecimiento;Calle 24 # 10 -  73 Bucaramanga SANTANDER Colombia
Expendio De Bebidas Alcohólicas Para El Consumo Dentro Del Establecimiento;Calle 56 #  1W 105 MUTIS Bucaramanga SANTANDER Colombia
Expendio De Bebidas Alcohólicas Para El Consumo Dentro Del Establecimiento;Carrera 28 # 52 -  17 Local 102 Bucaramanga SANTANDER Colombia
Expendio De Bebidas Alcohólicas Para El Consumo Dentro Del Establecimiento;Carrera 17 # 17 -  02 Barrio SAN FRANCISCO Bucaramanga SANTANDER Colombia
Expendio De Bebidas Alcohólicas Para El Consumo Dentro Del Establecimiento;CARRERA 35 # 48 - 77 LOCAL 1 Bucaramanga SANTANDER Colombia
Expendio De Bebidas Alcohólicas Para El Consumo Dentro Del Establecimiento;Calle 48 # 34 -  30 Barrio CABECERA DEL LLANO Bucaramanga SANTANDER Colombia
Expendio De Bebidas Alcohólicas Para El Consumo Dentro Del Establecimiento;Calle 31 # 17 -  58 -  60 Bucaramanga SANTANDER Colombia
Expendio De Bebidas Alcohólicas Para El Consumo Dentro Del Establecimiento;Carrera 18D # 1N -  30 LA JUVENTUD Bucaramanga SANTANDER Colombia
Expendio De Bebidas Alcohólicas Para El Consumo Dentro Del Establecimiento;Calle 41 # 19 -  120 Local 1 Barrio CENTRO Bucaramanga SANTANDER Colombia
Expendio De Bebidas Alcohólicas Para El Consumo Dentro Del Establecimiento;Carrera 1W # 57 -  111 Bucaramanga SANTANDER Colombia
Expendio De Bebidas Alcohólicas Para El Consumo Dentro Del Establecimiento;Carrera 11 # 31 -  06 Barrio GARCÍA ROVIRA Bucaramanga SANTANDER Colombia
Expendio De Bebidas Alcohólicas Para El Consumo Dentro Del Establecimiento;Carrera 36 # 48 -  84 Bucaramanga SANTANDER Colombia
Expendio De Bebidas Alcohólicas Para El Consumo Dentro Del Establecimiento;Carrera 17A # 56 -  02 Local 1 Barrio RICAURTE Bucaramanga SANTANDER Colombia
Expendio De Bebidas Alcohólicas Para El Consumo Dentro Del Establecimiento;Vereda MAJADAL ALTO Finca VILLA LUZ Bucaramanga SANTANDER Colombia
Expendio De Bebidas Alcohólicas Para El Consumo Dentro Del Establecimiento;CL 37   14   66 P 1 LC C  12 CC SANANDRESITO CENTRO Bucaramanga SANTANDER Colombia
Expendio De Bebidas Alcohólicas Para El Consumo Dentro Del Establecimiento;CARRERA 22 A # 109 - 36 BARRIO PROVENZA Bucaramanga SANTANDER Colombia
Expendio De Bebidas Alcohólicas Para El Consumo Dentro Del Establecimiento;Carrera 16 # 4 -  03 Barrio CHAPINERO Bucaramanga SANTANDER Colombia
Actividades De Otros Servicios De Comidas;Calle 26 # 1 -  51 Bucaramanga SANTANDER Colombia
Expendio De Bebidas Alcohólicas Para El Consumo Dentro Del Establecimiento;Carrera 22 # 13 -  29 Sótano Barrio SAN FRANCISCO Bucaramanga SANTANDER Colombia
Expendio De Bebidas Alcohólicas Para El Consumo Dentro Del Establecimiento;Calle 32 # 14 -  36 Piso 2 Barrio CENTRO Bucaramanga SANTANDER Colombia
Expendio De Bebidas Alcohólicas Para El Consumo Dentro Del Establecimiento;CL 10   29   72 BRR LA UNIVERSIDAD Bucaramanga SANTANDER Colombia
Expendio De Bebidas Alcohólicas Para El Consumo Dentro Del Establecimiento;Carrera 11 # 23 -  62 Bucaramanga SANTANDER Colombia
Expendio De Bebidas Alcohólicas Para El Consumo Dentro Del Establecimiento;Carrera 21 # 55 -  35 Bucaramanga SANTANDER Colombia
Expendio De Bebidas Alcohólicas Para El Consumo Dentro Del Establecimiento;Calle 52 # 34 -  24 Barrio CABECERA DEL LLANO Bucaramanga SANTANDER Colombia
Expendio De Bebidas Alcohólicas Para El Consumo Dentro Del Establecimiento;Carrera 33 # 37 -  34 Barrio MEJORAS PÚBLICAS Bucaramanga SANTANDER Colombia
Expendio De Bebidas Alcohólicas Para El Consumo Dentro Del Establecimiento;Calle 33 # 32 -  80 Barrio MEJORAS PÚBLICAS Bucaramanga SANTANDER Colombia
Expendio De Bebidas Alcohólicas Para El Consumo Dentro Del Establecimiento;Carrera 30 # 10 -  36 Barrio UNIVERSIDAD Bucaramanga SANTANDER Colombia
Expendio De Bebidas Alcohólicas Para El Consumo Dentro Del Establecimiento;Carrera 20 # 18 -  61 Local 101 Bucaramanga SANTANDER Colombia
Expendio De Bebidas Alcohólicas Para El Consumo Dentro Del Establecimiento;Carrera 11 # 23 -  57 Local 1 Bucaramanga SANTANDER Colombia
Expendio De Bebidas Alcohólicas Para El Consumo Dentro Del Establecimiento;Calle 33 # 31 -  161 Barrio LA AURORA Bucaramanga SANTANDER Colombia
Expendio De Bebidas Alcohólicas Para El Consumo Dentro Del Establecimiento;Carrera 18 # 22 -  64 Local 1 Barrio SAN FRANCISCO Bucaramanga SANTANDER Colombia
Expendio De Bebidas Alcohólicas Para El Consumo Dentro Del Establecimiento;Carrera 33 # 34 -  50 Piso 2 Bucaramanga SANTANDER Colombia
Expendio De Bebidas Alcohólicas Para El Consumo Dentro Del Establecimiento;Carrera 22 # 30 -  57 Bucaramanga SANTANDER Colombia
Expendio De Bebidas Alcohólicas Para El Consumo Dentro Del Establecimiento;Carrera 17 # 56 -  40 Piso 2 Bucaramanga SANTANDER Colombia
Expendio De Bebidas Alcohólicas Para El Consumo Dentro Del Establecimiento;Carrera 25 # 14 -  28 Barrio SAN FRANCISCO Bucaramanga SANTANDER Colombia
Expendio De Bebidas Alcohólicas Para El Consumo Dentro Del Establecimiento;Calle 61 # 16 -  21 Bucaramanga SANTANDER Colombia
Expendio De Bebidas Alcohólicas Para El Consumo Dentro Del Establecimiento;CL 32   32   106 Piso 3 Barrio MEJORAS PUBLICAS Bucaramanga SANTANDER Colombia
Actividades De Otros Servicios De Comidas;Calle 22N # 17A -  32 Bucaramanga SANTANDER Colombia
Expendio De Bebidas Alcohólicas Para El Consumo Dentro Del Establecimiento;Carrera 36 # 51 -  79 Piso 2 Barrio CABECERA Bucaramanga SANTANDER Colombia
Expendio De Bebidas Alcohólicas Para El Consumo Dentro Del Establecimiento;Calle 33 # 31 -  125 Barrio LA AURORA Bucaramanga SANTANDER Colombia
Expendio De Bebidas Alcohólicas Para El Consumo Dentro Del Establecimiento;Carrera 16 # 41 -  49 Bucaramanga SANTANDER Colombia
Expendio De Bebidas Alcohólicas Para El Consumo Dentro Del Establecimiento;Carrera 13 # 20 -  13 Barrio GAITAN Bucaramanga SANTANDER Colombia
Expendio De Bebidas Alcohólicas Para El Consumo Dentro Del Establecimiento;Calle 32 # 14 -  36 Bucaramanga SANTANDER Colombia
Expendio De Bebidas Alcohólicas Para El Consumo Dentro Del Establecimiento;Carrera 21 # 55 -  35 Barrio CONCORDIA Bucaramanga SANTANDER Colombia
Expendio De Bebidas Alcohólicas Para El Consumo Dentro Del Establecimiento;Calle 49 # 29 -  08 Barrio SOTOMAYOR Bucaramanga SANTANDER Colombia
Expendio De Bebidas Alcohólicas Para El Consumo Dentro Del Establecimiento;Calle 53 # 17A -  53 Barrio RICAURTE Bucaramanga SANTANDER Colombia
Expendio De Bebidas Alcohólicas Para El Consumo Dentro Del Establecimiento;Calle 1 # 19C -  18 Barrio TRANSICION Bucaramanga SANTANDER Colombia
Expendio De Bebidas Alcohólicas Para El Consumo Dentro Del Establecimiento;Calle 22 # 10 -  65 Barrio GRANADA Bucaramanga SANTANDER Colombia
Expendio De Bebidas Alcohólicas Para El Consumo Dentro Del Establecimiento;Carrera 11 # 27 -  20 Local 4 Bucaramanga SANTANDER Colombia
Expendio De Bebidas Alcohólicas Para El Consumo Dentro Del Establecimiento;Carrera 34 # 48 -  53 Barrio CABECERA DEL LLANO Bucaramanga SANTANDER Colombia
Expendio De Bebidas Alcohólicas Para El Consumo Dentro Del Establecimiento;Carrera 17C # 59 -  39 Bucaramanga SANTANDER Colombia
Expendio De Bebidas Alcohólicas Para El Consumo Dentro Del Establecimiento;Calle 94 # 14A IMPAR 17 Casa 8 Local 1 Bucaramanga SANTANDER Colombia
Expendio De Bebidas Alcohólicas Para El Consumo Dentro Del Establecimiento;Carrera 35A # 46 -  84 Barrio CABECERA DEL LLANO Bucaramanga SANTANDER Colombia
Expendio De Bebidas Alcohólicas Para El Consumo Dentro Del Establecimiento;Carrera 9 # 35 -  84 Barrio ALFONSO LOPEZ Bucaramanga SANTANDER Colombia
Expendio De Bebidas Alcohólicas Para El Consumo Dentro Del Establecimiento;Carrera 3 # 44 -  102 Sector LA PLAYA Barrio CAFE MADRID Bucaramanga SANTANDER Colombia
Expendio De Bebidas Alcohólicas Para El Consumo Dentro Del Establecimiento;Calle PRINCIPAL Casa 31 Barrio GALAN Bucaramanga SANTANDER Colombia
Expendio De Bebidas Alcohólicas Para El Consumo Dentro Del Establecimiento;Carrera 9 # 35N -  113 Barrio CAFE MADRID Bucaramanga SANTANDER Colombia
